CellLine	DrugName	PrimaryTarget	Pathway	GR50	GRmax	Hill_GR	GR_r2	AUC_GR
HCC1806	Abemaciclib/LY2835219	CDK4/6	Cell cycle	0.53809	-0.47327	0.61731	0.96697	0.40659
HCC1806	Palbociclib/PD0332991	CDK4/6	Cell cycle	Inf	0.67716	1.5689	0.93967	0.15633
HCC1806	AZD7762	CHK1/2	Cell cycle	0.01606	-0.42964	1.7036	0.99467	0.88116
HCC1806	Volasertib/BI6727	PLK	Cell cycle	0.0027316	-0.18824	4.7402	0.99805	0.756
HCC1806	Dinaciclib/SCH727965	pan CDK	Cell cycle	0.013158	-0.45348	3.3067	0.99905	0.63986
HCC1806	Cisplatin	Chemo	Chemotherapy	0.74421	-0.16577	1.1803	0.98375	0.31919
HCC1806	Doxorubicin	Chemo	Chemotherapy	0.014695	-0.38662	1.1088	0.9687	0.64715
HCC1806	Paclitaxel	Chemo	Chemotherapy	0.001342	-0.24594	2.1564	0.96305	0.87103
HCC1806	Topotecan	Topo I	Chemotherapy	0.0051806	-0.34465	1.3316	0.96238	0.99036
HCC1806	Etoposide	Topo II	Chemotherapy	0.093903	-0.37928	1.0632	0.99538	0.61222
HCC1806	Dasatinib	BCR/ABL	MAPK/nRTK	0.048106	-0.17215	1.4065	0.99144	0.68026
HCC1806	Trametinib/GSK1120212	MEK	MAPK/nRTK	Inf	0.68053	4.012	0.91189	0.12372
HCC1806	Saracatinib/AZD0530	SRC	MAPK/nRTK	1.3161	0.12122	0.64188	0.97991	0.25874
HCC1806	ABT-737	Bcl2/XL	Misc	12.0239	0.72369	4.9991	0.80207	-0.027881
HCC1806	Vorinostat	HDAC	Misc	1.0249	-0.019023	1.3137	0.99614	0.25341
HCC1806	Luminespib/NVP-AUY922	HSP90	Misc	0.010389	-0.14655	3.6477	0.9973	0.54087
HCC1806	A-1210477	Mcl-1	Misc	Inf	0.88875	3.7632	0.6501	-0.0062807
HCC1806	Olaparib/AZD2281	PARP	Misc	9.3266	0.45754	0.8013	0.93157	0.10094
HCC1806	Bleomycin	Radiation	Misc	7.8858	0.47331	0.87153	0.97284	0.12923
HCC1806	Ipatasertib/GDC0068	AKT	PI3K/mTOR	Inf	0.93591	0	0.34852	0.019514
HCC1806	Alpelisib/BYL719	PI3Ka	PI3K/mTOR	23.5996	0.71922	0.93194	0.94661	0.039991
HCC1806	Taselisib/GDC0032	PI3Ka, g, d	PI3K/mTOR	1.3977	-0.082812	0.59279	0.98154	0.26948
HCC1806	TGX221	PI3Kb	PI3K/mTOR	Inf	0.97316	0	-0.044483	-0.011613
HCC1806	Torin2	mTOR/ATM/ATR	PI3K/mTOR	0.034422	-0.1492	1.0117	0.99154	0.39412
HCC1806	Everolimus	mTOR1	PI3K/mTOR	Inf	0.81688	0	-3.6425e-08	0.19814
HCC1806	INK128/MLN0128	mTORC1/2	PI3K/mTOR	0.050531	0.22261	0.86668	0.97598	0.39813
HCC1806	PF-4708671	p70S6K	PI3K/mTOR	Inf	1.05	0	-0.51865	-0.019378
HCC1806	Buparlisib/NVP-BKM120	pan PI3K	PI3K/mTOR	1.0259	-0.28153	2.227	0.99495	0.30784
HCC1806	Pictilisib/GDC0941	pan PI3K	PI3K/mTOR	5.578	0.15447	1.3272	0.96399	0.12398
HCC1806	Ceritinib/LDK378	ALK	RTK	1.9528	-0.70493	2.0826	0.99518	0.21192
HCC1806	Neratinib/HKI272	EGFR/HER2	RTK	0.67065	-0.14398	0.79393	0.95941	0.20925
HCC1806	Tivantinib/ARQ197	MET	RTK	0.26155	-0.27486	3.0075	0.99781	0.45907
HCC1806	Cediranib/AZD2171	VEGFR/cKIT	RTK	4.6458	0.02536	4.9998	0.98948	0.072917
HCC1806	Cabozantinib	VEGFR2/MET	RTK	10.5865	0.59552	5	0.93543	0.0054805
HS578T	Abemaciclib/LY2835219	CDK4/6	Cell cycle	0.091113	-0.66651	0.43884	0.94764	0.62013
HS578T	Palbociclib/PD0332991	CDK4/6	Cell cycle	0.21823	0.34702	0.73254	0.9815	0.30078
HS578T	AZD7762	CHK1/2	Cell cycle	0.015571	-0.58749	1.7409	0.94918	0.8422
HS578T	Volasertib/BI6727	PLK	Cell cycle	0.0024789	-0.31266	3.0758	0.99887	0.84151
HS578T	Dinaciclib/SCH727965	pan CDK	Cell cycle	0.0087822	-0.16398	4.3379	0.99912	0.58571
HS578T	Cisplatin	Chemo	Chemotherapy	1.4586	-0.013325	1.3487	0.99332	0.24458
HS578T	Doxorubicin	Chemo	Chemotherapy	0.0040363	-0.35972	1.344	0.94216	0.77802
HS578T	Paclitaxel	Chemo	Chemotherapy	0.00094274	-0.39017	1.2088	0.96068	0.97901
HS578T	Topotecan	Topo I	Chemotherapy	0.004767	-0.44539	1.3348	0.9493	1.0272
HS578T	Etoposide	Topo II	Chemotherapy	0.39787	-0.1415	1.9873	0.99926	0.38559
HS578T	Dasatinib	BCR/ABL	MAPK/nRTK	0.045317	-0.18002	1.0619	0.98949	0.65955
HS578T	Trametinib/GSK1120212	MEK	MAPK/nRTK	0.0074183	0.23643	0.89205	0.99131	0.46715
HS578T	Saracatinib/AZD0530	SRC	MAPK/nRTK	4.8551	0.24214	0.7649	0.97877	0.13946
HS578T	ABT-737	Bcl2/XL	Misc	Inf	0.79143	1.2152	0.93877	0.02808
HS578T	Vorinostat	HDAC	Misc	0.9068	-0.19676	2.2569	0.99628	0.27821
HS578T	Luminespib/NVP-AUY922	HSP90	Misc	0.0033313	-0.079194	2.4965	0.99727	0.64487
HS578T	A-1210477	Mcl-1	Misc	Inf	0.9439	0	0.42192	-0.0084427
HS578T	Olaparib/AZD2281	PARP	Misc	9.2298	0.4595	1.0758	0.93923	0.094512
HS578T	Bleomycin	Radiation	Misc	0.22876	-0.21967	0.93557	0.99886	0.46297
HS578T	Ipatasertib/GDC0068	AKT	PI3K/mTOR	10.242	0.48288	0.48137	0.98062	0.21626
HS578T	Alpelisib/BYL719	PI3Ka	PI3K/mTOR	13.0042	0.56336	0.78009	0.97193	0.079755
HS578T	Taselisib/GDC0032	PI3Ka, g, d	PI3K/mTOR	0.67503	-0.024601	0.40926	0.9888	0.35646
HS578T	TGX221	PI3Kb	PI3K/mTOR	45.4683	0.72657	0.51482	0.92788	0.066398
HS578T	Torin2	mTOR/ATM/ATR	PI3K/mTOR	0.0087956	-0.21479	0.71984	0.98386	0.54454
HS578T	Everolimus	mTOR1	PI3K/mTOR	0.16129	0.4685	0.41234	0.62155	0.48591
HS578T	INK128/MLN0128	mTORC1/2	PI3K/mTOR	0.010414	-0.04823	1.2419	0.98331	0.5946
HS578T	PF-4708671	p70S6K	PI3K/mTOR	Inf	0.93834	2.1712	0.67722	0.018217
HS578T	Buparlisib/NVP-BKM120	pan PI3K	PI3K/mTOR	0.73072	-0.32421	1.6208	0.99097	0.36686
HS578T	Pictilisib/GDC0941	pan PI3K	PI3K/mTOR	1.3557	0.049333	0.47093	0.98211	0.29217
HS578T	Ceritinib/LDK378	ALK	RTK	0.89172	-0.69037	0.98445	0.97373	0.33473
HS578T	Neratinib/HKI272	EGFR/HER2	RTK	0.70584	-0.11584	0.8671	0.98776	0.19393
HS578T	Tivantinib/ARQ197	MET	RTK	0.32769	-0.31407	2.1985	0.99891	0.45028
HS578T	Cediranib/AZD2171	VEGFR/cKIT	RTK	0.62922	-0.64232	0.71989	0.94319	0.38593
HS578T	Cabozantinib	VEGFR2/MET	RTK	6.1533	0.17121	1.4878	0.89063	0.14198
MCF10A	Abemaciclib/LY2835219	CDK4/6	Cell cycle	0.35154	0.14502	0.56433	0.99756	0.37976
MCF10A	Palbociclib/PD0332991	CDK4/6	Cell cycle	2.0589	0.45762	0.6431	0.99231	0.18666
MCF10A	AZD7762	CHK1/2	Cell cycle	1.8521	-0.15456	0.83426	0.99817	0.2209
MCF10A	Volasertib/BI6727	PLK	Cell cycle	0.021947	-0.061984	3.6035	0.99988	0.43977
MCF10A	Dinaciclib/SCH727965	pan CDK	Cell cycle	0.016449	-0.25198	5	0.99914	0.53662
MCF10A	Cisplatin	Chemo	Chemotherapy	4.403	0.39494	2.0794	0.9955	0.097192
MCF10A	Doxorubicin	Chemo	Chemotherapy	0.011152	-0.39034	1.2807	0.95144	0.65572
MCF10A	Paclitaxel	Chemo	Chemotherapy	0.0027248	-0.13113	1.7711	0.99623	0.70075
MCF10A	Topotecan	Topo I	Chemotherapy	0.0097256	-0.17147	1.2341	0.96117	0.75881
MCF10A	Etoposide	Topo II	Chemotherapy	0.27127	-0.070888	1.4103	0.99648	0.4206
MCF10A	Dasatinib	BCR/ABL	MAPK/nRTK	0.74924	0.039606	0.52834	0.98959	0.3293
MCF10A	Trametinib/GSK1120212	MEK	MAPK/nRTK	0.0034024	0.22349	1.2174	0.99774	0.52596
MCF10A	Saracatinib/AZD0530	SRC	MAPK/nRTK	4.8592	0.14993	1.0853	0.99655	0.12484
MCF10A	ABT-737	Bcl2/XL	Misc	Inf	0.82043	3.8184	0.98956	0.011287
MCF10A	Vorinostat	HDAC	Misc	2.5387	0.051478	1.2864	0.99984	0.16695
MCF10A	Luminespib/NVP-AUY922	HSP90	Misc	0.007383	-0.13081	3.2428	0.99995	0.59586
MCF10A	A-1210477	Mcl-1	Misc	Inf	0.94698	4.9951	0.96268	0.0029699
MCF10A	Olaparib/AZD2281	PARP	Misc	57.6966	0.79676	0.63605	0.98103	0.039778
MCF10A	Bleomycin	Radiation	Misc	0.17797	0.030779	1.0167	0.99647	0.45044
MCF10A	Ipatasertib/GDC0068	AKT	PI3K/mTOR	82.1825	0.65156	1.0404	0.9985	0.058987
MCF10A	Alpelisib/BYL719	PI3Ka	PI3K/mTOR	17.2946	0.58108	0.4515	0.99505	0.10943
MCF10A	Taselisib/GDC0032	PI3Ka, g, d	PI3K/mTOR	0.12028	0.055859	0.5128	0.99622	0.48338
MCF10A	TGX221	PI3Kb	PI3K/mTOR	Inf	0.95219	0.7911	0.8667	0.0053511
MCF10A	Torin2	mTOR/ATM/ATR	PI3K/mTOR	0.032272	0.1234	1.4046	0.99805	0.33611
MCF10A	Everolimus	mTOR1	PI3K/mTOR	Inf	0.79331	0.47798	0.96521	0.10861
MCF10A	INK128/MLN0128	mTORC1/2	PI3K/mTOR	0.024457	0.16614	1.3236	0.99991	0.46753
MCF10A	PF-4708671	p70S6K	PI3K/mTOR	Inf	0.71374	1.0176	0.99508	0.051018
MCF10A	Buparlisib/NVP-BKM120	pan PI3K	PI3K/mTOR	1.489	-0.18189	1.6617	0.99415	0.24873
MCF10A	Pictilisib/GDC0941	pan PI3K	PI3K/mTOR	1.8937	0.18836	0.42317	0.97593	0.26021
MCF10A	Ceritinib/LDK378	ALK	RTK	3.0632	-0.37757	1.537	0.98596	0.18647
MCF10A	Neratinib/HKI272	EGFR/HER2	RTK	0.10098	0.12451	1.1721	0.99435	0.3405
MCF10A	Tivantinib/ARQ197	MET	RTK	0.18476	-0.14487	2.3362	0.99299	0.44962
MCF10A	Cediranib/AZD2171	VEGFR/cKIT	RTK	9.6209	0.47633	3.1602	0.99915	0.033843
MCF10A	Cabozantinib	VEGFR2/MET	RTK	18.0665	0.84603	4.8294	0.81482	-0.010763
MCF7	Abemaciclib/LY2835219	CDK4/6	Cell cycle	0.03176	-0.27514	0.35224	0.95599	0.67695
MCF7	Palbociclib/PD0332991	CDK4/6	Cell cycle	0.097049	0.30186	1.05	0.99098	0.31956
MCF7	AZD7762	CHK1/2	Cell cycle	0.048124	-0.17429	0.86105	0.9593	0.57801
MCF7	Volasertib/BI6727	PLK	Cell cycle	0.002794	0.013412	3.9583	0.99515	0.59311
MCF7	Dinaciclib/SCH727965	pan CDK	Cell cycle	0.0083469	-0.21666	3.4203	0.99958	0.6283
MCF7	Cisplatin	Chemo	Chemotherapy	9.4412	0.47851	1.1626	0.99291	0.058231
MCF7	Doxorubicin	Chemo	Chemotherapy	0.018095	-0.23813	0.92114	0.9733	0.60847
MCF7	Paclitaxel	Chemo	Chemotherapy	0.0014647	-0.07402	1.1623	0.94887	0.7461
MCF7	Topotecan	Topo I	Chemotherapy	0.0067538	-0.45274	0.77643	0.91961	0.88009
MCF7	Etoposide	Topo II	Chemotherapy	0.14117	-0.042958	1.3481	0.99749	0.49517
MCF7	Dasatinib	BCR/ABL	MAPK/nRTK	0.06034	0.13949	1.6683	0.99265	0.52062
MCF7	Trametinib/GSK1120212	MEK	MAPK/nRTK	Inf	0.53067	1.1647	0.99377	0.29532
MCF7	Saracatinib/AZD0530	SRC	MAPK/nRTK	0.43432	0.24433	0.69189	0.99059	0.34283
MCF7	ABT-737	Bcl2/XL	Misc	21.953	0.71496	1.1169	0.89745	0.016139
MCF7	Vorinostat	HDAC	Misc	0.56518	-0.11872	1.1659	0.99687	0.33487
MCF7	Luminespib/NVP-AUY922	HSP90	Misc	0.0094065	0.041598	2.8352	0.99833	0.48377
MCF7	A-1210477	Mcl-1	Misc	Inf	0.8845	2.0617	0.74278	-0.0015321
MCF7	Olaparib/AZD2281	PARP	Misc	11.0681	0.54142	1.5154	0.99382	0.051406
MCF7	Bleomycin	Radiation	Misc	0.080637	-0.050025	1.2451	0.99916	0.55315
MCF7	Ipatasertib/GDC0068	AKT	PI3K/mTOR	1.2666	0.29665	0.70186	0.99843	0.2572
MCF7	Alpelisib/BYL719	PI3Ka	PI3K/mTOR	0.59807	0.089309	0.69569	0.98706	0.31374
MCF7	Taselisib/GDC0032	PI3Ka, g, d	PI3K/mTOR	0.010051	-0.20819	0.47176	0.92822	0.71781
MCF7	TGX221	PI3Kb	PI3K/mTOR	17.4688	0.79527	4.5701	0.8561	-0.0056149
MCF7	Torin2	mTOR/ATM/ATR	PI3K/mTOR	0.0044643	-0.046342	0.98778	0.98674	0.56936
MCF7	Everolimus	mTOR1	PI3K/mTOR	0.0027655	0.39283	0.26066	0.89286	0.56063
MCF7	INK128/MLN0128	mTORC1/2	PI3K/mTOR	0.0028837	0.038428	1.1914	0.99504	0.69851
MCF7	PF-4708671	p70S6K	PI3K/mTOR	20.8737	0.58311	1.1486	0.95999	0.050872
MCF7	Buparlisib/NVP-BKM120	pan PI3K	PI3K/mTOR	0.19198	-0.16883	0.88184	0.99197	0.47643
MCF7	Pictilisib/GDC0941	pan PI3K	PI3K/mTOR	0.13284	-0.090362	0.65531	0.99252	0.48598
MCF7	Ceritinib/LDK378	ALK	RTK	0.37058	-0.73185	0.82431	0.98875	0.45482
MCF7	Neratinib/HKI272	EGFR/HER2	RTK	1.3017	0.0969	0.94888	0.97711	0.14087
MCF7	Tivantinib/ARQ197	MET	RTK	0.16002	-0.012026	1.8033	0.99695	0.43413
MCF7	Cediranib/AZD2171	VEGFR/cKIT	RTK	5.8803	0.12558	1.5885	0.98896	0.069994
MCF7	Cabozantinib	VEGFR2/MET	RTK	4.9225	-0.073239	1.7542	0.99632	0.10653
MDAMB231	Abemaciclib/LY2835219	CDK4/6	Cell cycle	0.058149	-0.67243	0.42474	0.9622	0.66956
MDAMB231	Palbociclib/PD0332991	CDK4/6	Cell cycle	0.13949	0.25301	0.72083	0.9897	0.33037
MDAMB231	AZD7762	CHK1/2	Cell cycle	0.15516	-0.59926	0.90312	0.98654	0.57039
MDAMB231	Volasertib/BI6727	PLK	Cell cycle	0.0038887	-0.012902	5	0.99457	0.60526
MDAMB231	Dinaciclib/SCH727965	pan CDK	Cell cycle	0.01018	-0.43474	2.4903	0.99739	0.66347
MDAMB231	Cisplatin	Chemo	Chemotherapy	2.721	0.2962	1.6507	0.9983	0.13945
MDAMB231	Doxorubicin	Chemo	Chemotherapy	0.0054343	-0.56633	0.95862	0.93814	0.80162
MDAMB231	Paclitaxel	Chemo	Chemotherapy	0.0024046	-0.16569	1.1197	0.97194	0.71636
MDAMB231	Topotecan	Topo I	Chemotherapy	0.034355	-0.30244	0.63231	0.9515	0.68873
MDAMB231	Etoposide	Topo II	Chemotherapy	0.77786	0.16423	1.5623	0.99291	0.2786
MDAMB231	Dasatinib	BCR/ABL	MAPK/nRTK	0.033048	-0.20418	0.62427	0.98373	0.65288
MDAMB231	Trametinib/GSK1120212	MEK	MAPK/nRTK	0.0024082	-0.21869	1.1662	0.99871	0.75355
MDAMB231	Saracatinib/AZD0530	SRC	MAPK/nRTK	2.5251	0.26898	0.34938	0.98432	0.25732
MDAMB231	ABT-737	Bcl2/XL	Misc	2.4002	-0.25891	1.1097	0.99579	0.1999
MDAMB231	Vorinostat	HDAC	Misc	1.1864	-0.46924	1.8155	0.995	0.29413
MDAMB231	Luminespib/NVP-AUY922	HSP90	Misc	0.0058067	-0.13995	3.9047	0.99825	0.62446
MDAMB231	A-1210477	Mcl-1	Misc	Inf	0.95103	0	1.4777e-05	0.040868
MDAMB231	Olaparib/AZD2281	PARP	Misc	14.4108	0.60788	0.90017	0.97359	0.062585
MDAMB231	Bleomycin	Radiation	Misc	7.9098	0.46591	0.94002	0.97521	0.123
MDAMB231	Ipatasertib/GDC0068	AKT	PI3K/mTOR	Inf	0.95058	0	0.14962	-0.012681
MDAMB231	Alpelisib/BYL719	PI3Ka	PI3K/mTOR	27.6794	0.70804	0.6819	0.68714	0.074353
MDAMB231	Taselisib/GDC0032	PI3Ka, g, d	PI3K/mTOR	2.1332	0.037522	0.52897	0.92367	0.25152
MDAMB231	TGX221	PI3Kb	PI3K/mTOR	Inf	0.83398	0.61441	0.74089	0.032712
MDAMB231	Torin2	mTOR/ATM/ATR	PI3K/mTOR	0.032044	-0.065234	0.97338	0.98338	0.36443
MDAMB231	Everolimus	mTOR1	PI3K/mTOR	Inf	0.75514	0	0.5294	0.18808
MDAMB231	INK128/MLN0128	mTORC1/2	PI3K/mTOR	0.026432	0.1149	1.1111	0.98867	0.457
MDAMB231	PF-4708671	p70S6K	PI3K/mTOR	Inf	0.83375	4.9752	0.84983	0.0056164
MDAMB231	Buparlisib/NVP-BKM120	pan PI3K	PI3K/mTOR	1.5605	-0.31596	2.0763	0.98959	0.27033
MDAMB231	Pictilisib/GDC0941	pan PI3K	PI3K/mTOR	5.8309	0.33249	0.39588	0.90498	0.18998
MDAMB231	Ceritinib/LDK378	ALK	RTK	0.85115	-0.52042	1.752	0.99844	0.36397
MDAMB231	Neratinib/HKI272	EGFR/HER2	RTK	1.311	-0.103	1.4712	0.99529	0.11743
MDAMB231	Tivantinib/ARQ197	MET	RTK	0.41509	-0.1617	2.1457	0.99164	0.35185
MDAMB231	Cediranib/AZD2171	VEGFR/cKIT	RTK	4.8659	-0.48414	2.9995	0.99941	0.1156
MDAMB231	Cabozantinib	VEGFR2/MET	RTK	4.3761	0.025675	1.1909	0.95489	0.15239
SKBR3	Abemaciclib/LY2835219	CDK4/6	Cell cycle	0.034395	0.13271	0.62077	0.97296	0.54362
SKBR3	Palbociclib/PD0332991	CDK4/6	Cell cycle	0.15649	0.35722	1.0153	0.9827	0.28865
SKBR3	AZD7762	CHK1/2	Cell cycle	0.021933	-0.39048	3.148	0.9944	0.84604
SKBR3	Volasertib/BI6727	PLK	Cell cycle	0.0054458	-0.30102	3.9254	0.99821	0.6926
SKBR3	Dinaciclib/SCH727965	pan CDK	Cell cycle	0.0071238	-0.46714	4.0591	0.99799	0.7692
SKBR3	Cisplatin	Chemo	Chemotherapy	5.002	0.22324	1.295	0.98891	0.10396
SKBR3	Doxorubicin	Chemo	Chemotherapy	0.0066293	-0.43458	1.7461	0.99703	0.88708
SKBR3	Paclitaxel	Chemo	Chemotherapy	0.0019478	-0.31259	2.2799	0.96153	0.85879
SKBR3	Topotecan	Topo I	Chemotherapy	0.016615	-0.29607	1.826	0.9799	0.80995
SKBR3	Etoposide	Topo II	Chemotherapy	0.39001	-0.34023	1.4969	0.99505	0.40819
SKBR3	Dasatinib	BCR/ABL	MAPK/nRTK	3.5615	0.070833	5	0.98214	0.063986
SKBR3	Trametinib/GSK1120212	MEK	MAPK/nRTK	Inf	0.6687	1.0114	0.92774	0.19519
SKBR3	Saracatinib/AZD0530	SRC	MAPK/nRTK	4.9645	0.29585	5	0.9653	0.021012
SKBR3	ABT-737	Bcl2/XL	Misc	Inf	0.98836	0	-0.088841	-0.022411
SKBR3	Vorinostat	HDAC	Misc	0.79489	-0.45649	2.722	0.993	0.32477
SKBR3	Luminespib/NVP-AUY922	HSP90	Misc	0.0023353	-0.075942	2.6097	0.99685	0.71352
SKBR3	A-1210477	Mcl-1	Misc	11.2625	0.63833	5	0.94786	0.034261
SKBR3	Olaparib/AZD2281	PARP	Misc	12.5016	0.58488	1.1128	0.929	0.03459
SKBR3	Bleomycin	Radiation	Misc	1.0023	0.16134	0.79741	0.98574	0.26751
SKBR3	Ipatasertib/GDC0068	AKT	PI3K/mTOR	4.3075	0.39652	0.92376	0.95353	0.13781
SKBR3	Alpelisib/BYL719	PI3Ka	PI3K/mTOR	0.49445	-0.023337	0.57327	0.98292	0.35668
SKBR3	Taselisib/GDC0032	PI3Ka, g, d	PI3K/mTOR	0.0072927	-0.15927	0.66739	0.96926	0.76294
SKBR3	TGX221	PI3Kb	PI3K/mTOR	Inf	0.76714	4.9948	0.84692	-0.0088474
SKBR3	Torin2	mTOR/ATM/ATR	PI3K/mTOR	0.0041365	-0.25837	1.4916	0.99598	0.67668
SKBR3	Everolimus	mTOR1	PI3K/mTOR	-Inf	0.17087	0.10002	0.76096	0.75096
SKBR3	INK128/MLN0128	mTORC1/2	PI3K/mTOR	0.002958	-0.30382	1.3592	0.99123	0.87738
SKBR3	PF-4708671	p70S6K	PI3K/mTOR	Inf	0.75025	1.1131	0.89123	0.018498
SKBR3	Buparlisib/NVP-BKM120	pan PI3K	PI3K/mTOR	0.15271	-0.31115	1.0188	0.98971	0.55349
SKBR3	Pictilisib/GDC0941	pan PI3K	PI3K/mTOR	0.12935	-0.11332	0.68616	0.9927	0.49259
SKBR3	Ceritinib/LDK378	ALK	RTK	0.8855	-0.9121	1.2967	0.98239	0.34038
SKBR3	Neratinib/HKI272	EGFR/HER2	RTK	0.0017436	-0.13885	0.87742	0.97257	0.8198
SKBR3	Tivantinib/ARQ197	MET	RTK	0.27584	-0.30099	2.3222	0.99562	0.45834
SKBR3	Cediranib/AZD2171	VEGFR/cKIT	RTK	6.1004	-0.5392	4.7125	0.99466	0.072678
SKBR3	Cabozantinib	VEGFR2/MET	RTK	9.5304	0.4048	5	0.96235	0.0020395
BT20	Abemaciclib/LY2835219	CDK4/6	Cell cycle	0.059249	-0.18117	0.45959	0.9374	0.56227
BT20	Palbociclib/PD0332991	CDK4/6	Cell cycle	0.044272	0.15126	1.2036	0.99013	0.40039
BT20	AZD7762	CHK1/2	Cell cycle	1.0304	-0.53423	1.5222	0.99384	0.28476
BT20	Volasertib/BI6727	PLK	Cell cycle	0.0055816	-0.4327	2.3346	0.99886	0.7538
BT20	Dinaciclib/SCH727965	pan CDK	Cell cycle	0.019048	-0.54769	3.5271	0.9981	0.62229
BT20	Cisplatin	Chemo	Chemotherapy	0.77524	-0.26617	1.0393	0.98669	0.3276
BT20	Doxorubicin	Chemo	Chemotherapy	0.0089065	-0.42504	1.5585	0.98684	0.79202
BT20	Paclitaxel	Chemo	Chemotherapy	0.0020966	-0.53035	2.0639	0.99427	0.95721
BT20	Topotecan	Topo I	Chemotherapy	0.0125	-0.52883	1.0234	0.99529	0.9761
BT20	Etoposide	Topo II	Chemotherapy	0.30637	-0.31663	1.2562	0.99704	0.44723
BT20	Dasatinib	BCR/ABL	MAPK/nRTK	0.45004	0.25002	0.59009	0.98643	0.35341
BT20	Trametinib/GSK1120212	MEK	MAPK/nRTK	Inf	0.53301	0.68281	0.96148	0.17162
BT20	Saracatinib/AZD0530	SRC	MAPK/nRTK	4.5233	0.30331	0.54952	0.98659	0.16929
BT20	ABT-737	Bcl2/XL	Misc	13.9282	0.61964	1.0812	0.93268	0.024387
BT20	Vorinostat	HDAC	Misc	2.3056	-0.094007	1.689	0.9928	0.15333
BT20	Luminespib/NVP-AUY922	HSP90	Misc	0.0060998	-0.015622	4.76	0.99657	0.54354
BT20	A-1210477	Mcl-1	Misc	15.05	0.8221	4.9994	0.66192	-0.026968
BT20	Olaparib/AZD2281	PARP	Misc	15.2231	0.61254	0.85987	0.95095	0.060834
BT20	Bleomycin	Radiation	Misc	0.52425	-0.092383	0.9475	0.99405	0.36397
BT20	Ipatasertib/GDC0068	AKT	PI3K/mTOR	0.62146	0.099175	0.81752	0.98338	0.30588
BT20	Alpelisib/BYL719	PI3Ka	PI3K/mTOR	1.8451	-0.15917	0.81387	0.9915	0.21684
BT20	Taselisib/GDC0032	PI3Ka, g, d	PI3K/mTOR	0.015673	-0.39409	0.83399	0.96207	0.77094
BT20	TGX221	PI3Kb	PI3K/mTOR	Inf	1.0018	0	-6.2882	-0.043357
BT20	Torin2	mTOR/ATM/ATR	PI3K/mTOR	0.0083989	-0.29356	0.89927	0.97782	0.55002
BT20	Everolimus	mTOR1	PI3K/mTOR	Inf	0.39249	0	0.012586	0.59082
BT20	INK128/MLN0128	mTORC1/2	PI3K/mTOR	0.012788	-0.073573	1.2835	0.99304	0.58667
BT20	PF-4708671	p70S6K	PI3K/mTOR	16.2463	0.67267	1.119	0.89474	0.014745
BT20	Buparlisib/NVP-BKM120	pan PI3K	PI3K/mTOR	0.6018	-0.54592	1.2045	0.99437	0.37587
BT20	Pictilisib/GDC0941	pan PI3K	PI3K/mTOR	0.8724	-0.22358	0.95678	0.99345	0.30423
BT20	Ceritinib/LDK378	ALK	RTK	1.574	-0.85346	1.8461	0.99667	0.26534
BT20	Neratinib/HKI272	EGFR/HER2	RTK	1.3538	0.31053	0.65008	0.97522	0.14801
BT20	Tivantinib/ARQ197	MET	RTK	0.47976	-0.44865	2.4417	0.99578	0.41128
BT20	Cediranib/AZD2171	VEGFR/cKIT	RTK	5.7472	0.21964	2.6562	0.97585	0.039107
BT20	Cabozantinib	VEGFR2/MET	RTK	5.7054	-0.17621	4.8006	0.99038	0.052774
BT549	Abemaciclib/LY2835219	CDK4/6	Cell cycle	4.0454	0.047256	1.2567	0.99665	0.1249
BT549	Palbociclib/PD0332991	CDK4/6	Cell cycle	Inf	1.05	0	-7.6711	-0.039242
BT549	AZD7762	CHK1/2	Cell cycle	0.068383	-0.42303	1.8661	0.97596	0.61512
BT549	Volasertib/BI6727	PLK	Cell cycle	0.0088371	-0.20861	2.7024	0.99719	0.57015
BT549	Dinaciclib/SCH727965	pan CDK	Cell cycle	0.012604	-0.26875	3.8999	0.99902	0.57976
BT549	Cisplatin	Chemo	Chemotherapy	1.0492	0.078851	1.0914	0.98476	0.27951
BT549	Doxorubicin	Chemo	Chemotherapy	0.0065644	-0.33654	1.6116	0.97841	0.74841
BT549	Paclitaxel	Chemo	Chemotherapy	0.0026714	-0.20213	1.8462	0.98727	0.70093
BT549	Topotecan	Topo I	Chemotherapy	0.0086718	-0.21647	1.5141	0.98143	0.83799
BT549	Etoposide	Topo II	Chemotherapy	0.18963	-0.20207	1.1568	0.99409	0.46624
BT549	Dasatinib	BCR/ABL	MAPK/nRTK	0.52443	0.36243	1.7328	0.96688	0.24561
BT549	Trametinib/GSK1120212	MEK	MAPK/nRTK	4.9322	0.59684	0.49198	0.98146	0.13055
BT549	Saracatinib/AZD0530	SRC	MAPK/nRTK	27.1365	0.53446	2.676	0.98278	0.04157
BT549	ABT-737	Bcl2/XL	Misc	Inf	0.96476	0	-0.67088	-0.028463
BT549	Vorinostat	HDAC	Misc	2.3347	0.10882	0.89516	0.99549	0.19062
BT549	Luminespib/NVP-AUY922	HSP90	Misc	0.0056967	-0.090503	5	0.99924	0.59857
BT549	A-1210477	Mcl-1	Misc	Inf	0.94896	0	0.016955	0.011698
BT549	Olaparib/AZD2281	PARP	Misc	12.3589	0.55867	0.99133	0.91816	0.062037
BT549	Bleomycin	Radiation	Misc	0.18893	-0.010575	1.0087	0.99481	0.46067
BT549	Ipatasertib/GDC0068	AKT	PI3K/mTOR	13.796	0.50339	0.48981	0.97524	0.17132
BT549	Alpelisib/BYL719	PI3Ka	PI3K/mTOR	17.6207	0.68453	1.0412	0.95909	0.034379
BT549	Taselisib/GDC0032	PI3Ka, g, d	PI3K/mTOR	2.2282	0.085797	0.5881	0.99307	0.22053
BT549	TGX221	PI3Kb	PI3K/mTOR	Inf	0.81443	0.67789	0.88166	0.054948
BT549	Torin2	mTOR/ATM/ATR	PI3K/mTOR	0.0095134	-0.0095198	1.0093	0.9934	0.49062
BT549	Everolimus	mTOR1	PI3K/mTOR	Inf	0.52041	0.10007	0.59557	0.43799
BT549	INK128/MLN0128	mTORC1/2	PI3K/mTOR	0.01692	0.065255	1.5032	0.99937	0.53541
BT549	PF-4708671	p70S6K	PI3K/mTOR	21.4764	0.74786	2.2442	0.86169	-0.0059754
BT549	Buparlisib/NVP-BKM120	pan PI3K	PI3K/mTOR	1.44	-0.23914	2.1374	0.99519	0.24381
BT549	Pictilisib/GDC0941	pan PI3K	PI3K/mTOR	2.7832	0.13889	0.61703	0.99053	0.20658
BT549	Ceritinib/LDK378	ALK	RTK	2.7028	-0.26728	1.8633	0.99606	0.15436
BT549	Neratinib/HKI272	EGFR/HER2	RTK	1.97	0.2031	1.4298	0.98731	0.080631
BT549	Tivantinib/ARQ197	MET	RTK	0.57808	-0.23462	2.6152	0.99772	0.34634
BT549	Cediranib/AZD2171	VEGFR/cKIT	RTK	3.7231	-0.12398	1.3107	0.98091	0.14771
BT549	Cabozantinib	VEGFR2/MET	RTK	9.9281	0.48616	5	0.95765	0.01623
HCC38	Abemaciclib/LY2835219	CDK4/6	Cell cycle	0.044473	-0.29925	0.44888	0.96721	0.63556
HCC38	Palbociclib/PD0332991	CDK4/6	Cell cycle	0.05976	0.15554	1.1329	0.98765	0.3702
HCC38	AZD7762	CHK1/2	Cell cycle	0.010165	-0.34532	1.8948	0.98753	0.91228
HCC38	Volasertib/BI6727	PLK	Cell cycle	0.0085069	-0.2407	2.9788	0.99636	0.5818
HCC38	Dinaciclib/SCH727965	pan CDK	Cell cycle	0.013267	-0.41706	3.8921	0.99811	0.61484
HCC38	Cisplatin	Chemo	Chemotherapy	1.0887	-0.10872	1.3503	0.9965	0.24946
HCC38	Doxorubicin	Chemo	Chemotherapy	0.010252	-0.37446	1.4223	0.98985	0.75588
HCC38	Paclitaxel	Chemo	Chemotherapy	0.0015517	-0.30235	2.1979	0.99182	0.82491
HCC38	Topotecan	Topo I	Chemotherapy	0.0072495	-0.45282	1.2447	0.9953	1.0475
HCC38	Etoposide	Topo II	Chemotherapy	0.36042	-0.41491	1.4193	0.9972	0.43557
HCC38	Dasatinib	BCR/ABL	MAPK/nRTK	5.7414	0.35242	0.55779	0.97537	0.14898
HCC38	Trametinib/GSK1120212	MEK	MAPK/nRTK	0.20852	0.19331	0.71033	0.98984	0.21063
HCC38	Saracatinib/AZD0530	SRC	MAPK/nRTK	35.2281	0.62921	0.50849	0.94689	0.095045
HCC38	ABT-737	Bcl2/XL	Misc	1.1782	-0.41304	0.97794	0.99556	0.2718
HCC38	Vorinostat	HDAC	Misc	1.0246	-0.3153	1.6131	0.99723	0.28572
HCC38	Luminespib/NVP-AUY922	HSP90	Misc	0.0072336	-0.18462	5	0.9975	0.61309
HCC38	A-1210477	Mcl-1	Misc	15.3194	0.89803	4.9998	0.59751	0.013856
HCC38	Olaparib/AZD2281	PARP	Misc	9.2394	0.46387	1.0841	0.97186	0.057702
HCC38	Bleomycin	Radiation	Misc	0.22053	-0.22199	1.1939	0.99676	0.46852
HCC38	Ipatasertib/GDC0068	AKT	PI3K/mTOR	Inf	0.70615	1.2027	0.9714	0.11771
HCC38	Alpelisib/BYL719	PI3Ka	PI3K/mTOR	24.4795	0.69212	0.70105	0.91847	0.043423
HCC38	Taselisib/GDC0032	PI3Ka, g, d	PI3K/mTOR	2.7865	0.071941	0.6774	0.97758	0.19844
HCC38	TGX221	PI3Kb	PI3K/mTOR	Inf	0.96276	0	-0.43076	-0.025457
HCC38	Torin2	mTOR/ATM/ATR	PI3K/mTOR	0.010587	-0.19832	0.89652	0.99394	0.53322
HCC38	Everolimus	mTOR1	PI3K/mTOR	Inf	0.48182	0	0.42951	0.48358
HCC38	INK128/MLN0128	mTORC1/2	PI3K/mTOR	0.018947	-0.0079921	1.3816	0.99618	0.53615
HCC38	PF-4708671	p70S6K	PI3K/mTOR	Inf	0.97302	0	-0.81653	-0.026312
HCC38	Buparlisib/NVP-BKM120	pan PI3K	PI3K/mTOR	1.3634	-0.26921	1.436	0.99573	0.24349
HCC38	Pictilisib/GDC0941	pan PI3K	PI3K/mTOR	6.5817	0.35694	0.7183	0.97821	0.11777
HCC38	Ceritinib/LDK378	ALK	RTK	1.8582	-0.45363	2.5224	0.99576	0.22047
HCC38	Neratinib/HKI272	EGFR/HER2	RTK	3.2174	0.4605	0.68431	0.87529	0.10229
HCC38	Tivantinib/ARQ197	MET	RTK	0.33555	-0.2477	1.7452	0.99764	0.41774
HCC38	Cediranib/AZD2171	VEGFR/cKIT	RTK	1.5779	-0.19791	1.0604	0.98712	0.21017
HCC38	Cabozantinib	VEGFR2/MET	RTK	8.3143	0.32606	4.3215	0.98485	0.037849
HCC70	Abemaciclib/LY2835219	CDK4/6	Cell cycle	1.9813	-0.68835	2.5579	0.99503	0.21089
HCC70	Palbociclib/PD0332991	CDK4/6	Cell cycle	Inf	0.91835	0	0.17704	-0.022579
HCC70	AZD7762	CHK1/2	Cell cycle	0.053631	-0.37503	2.5044	0.99078	0.69039
HCC70	Volasertib/BI6727	PLK	Cell cycle	0.0075188	-0.13427	2.9306	0.9828	0.57164
HCC70	Dinaciclib/SCH727965	pan CDK	Cell cycle	0.013195	-0.82499	5	0.99905	0.78872
HCC70	Cisplatin	Chemo	Chemotherapy	1.4154	-0.52889	1.2623	0.99046	0.24174
HCC70	Doxorubicin	Chemo	Chemotherapy	0.011032	-0.70592	2.0673	0.9369	0.75439
HCC70	Paclitaxel	Chemo	Chemotherapy	0.0013802	-0.29706	1.0901	0.99513	0.86188
HCC70	Topotecan	Topo I	Chemotherapy	0.0091584	-0.70433	0.69739	0.96617	1.0222
HCC70	Etoposide	Topo II	Chemotherapy	0.37426	-0.12828	2.0008	0.97357	0.43891
HCC70	Dasatinib	BCR/ABL	MAPK/nRTK	0.0084701	-0.56885	1.0498	0.98889	1.0881
HCC70	Trametinib/GSK1120212	MEK	MAPK/nRTK	0.001641	0.17797	1.0076	0.97012	0.60636
HCC70	Saracatinib/AZD0530	SRC	MAPK/nRTK	0.059803	-0.18478	0.9313	0.97336	0.58949
HCC70	ABT-737	Bcl2/XL	Misc	3.5265	0.058179	0.93981	0.97391	0.12841
HCC70	Vorinostat	HDAC	Misc	0.34494	-0.33341	0.90065	0.99074	0.4069
HCC70	Luminespib/NVP-AUY922	HSP90	Misc	0.0074965	-0.35757	5	0.99639	0.67807
HCC70	A-1210477	Mcl-1	Misc	Inf	0.94429	0	0.14534	0.003675
HCC70	Olaparib/AZD2281	PARP	Misc	22.1058	0.69474	0.80236	0.84016	0.024678
HCC70	Bleomycin	Radiation	Misc	0.42947	-0.07878	0.80961	0.95026	0.40676
HCC70	Ipatasertib/GDC0068	AKT	PI3K/mTOR	0.1115	-0.087516	1.1201	0.99049	0.48083
HCC70	Alpelisib/BYL719	PI3Ka	PI3K/mTOR	4.1199	0.073287	0.99595	0.95707	0.12855
HCC70	Taselisib/GDC0032	PI3Ka, g, d	PI3K/mTOR	0.15311	-0.51024	0.72524	0.98118	0.53891
HCC70	TGX221	PI3Kb	PI3K/mTOR	0.075353	-0.00024148	0.87533	0.97991	0.49676
HCC70	Torin2	mTOR/ATM/ATR	PI3K/mTOR	0.0043485	-0.38654	0.6967	0.94715	0.63355
HCC70	Everolimus	mTOR1	PI3K/mTOR	0.31001	0.38865	0.10156	0.80467	0.47015
HCC70	INK128/MLN0128	mTORC1/2	PI3K/mTOR	0.0045854	-0.097747	1.2861	0.9835	0.69054
HCC70	PF-4708671	p70S6K	PI3K/mTOR	Inf	0.95449	0	-0.21193	-0.02659
HCC70	Buparlisib/NVP-BKM120	pan PI3K	PI3K/mTOR	0.4209	-0.58834	1.1192	0.99617	0.43218
HCC70	Pictilisib/GDC0941	pan PI3K	PI3K/mTOR	0.1411	-0.44581	0.78805	0.99443	0.56763
HCC70	Ceritinib/LDK378	ALK	RTK	3.3041	-0.89994	5	0.99503	0.13238
HCC70	Neratinib/HKI272	EGFR/HER2	RTK	0.13866	0.10143	1.0832	0.99212	0.32858
HCC70	Tivantinib/ARQ197	MET	RTK	0.35853	-0.55248	1.3966	0.98961	0.44066
HCC70	Cediranib/AZD2171	VEGFR/cKIT	RTK	4.6422	-0.22911	2.0333	0.98943	0.089037
HCC70	Cabozantinib	VEGFR2/MET	RTK	1.1764	-0.086301	0.52398	0.91818	0.2923
PDX1258	Abemaciclib/LY2835219	CDK4/6	Cell cycle	0.62725	-0.28345	1.0088	0.99589	0.33899
PDX1258	Palbociclib/PD0332991	CDK4/6	Cell cycle	Inf	1.0094	0	-12.7143	-0.047266
PDX1258	AZD7762	CHK1/2	Cell cycle	0.016598	-0.37853	1.5568	0.98798	0.83738
PDX1258	Volasertib/BI6727	PLK	Cell cycle	0.0075163	-0.16088	1.9445	0.99014	0.5385
PDX1258	Dinaciclib/SCH727965	pan CDK	Cell cycle	0.011849	-0.51774	3.632	0.99736	0.65633
PDX1258	Cisplatin	Chemo	Chemotherapy	2.6943	0.34279	1.6528	0.98964	0.14864
PDX1258	Doxorubicin	Chemo	Chemotherapy	0.0094632	-0.46923	1.1876	0.95876	0.70631
PDX1258	Paclitaxel	Chemo	Chemotherapy	0.0020747	-0.065547	1.2687	0.98952	0.68449
PDX1258	Topotecan	Topo I	Chemotherapy	0.013987	-0.34869	0.86098	0.97841	0.81853
PDX1258	Etoposide	Topo II	Chemotherapy	0.31924	-0.10014	1.1507	0.99385	0.37783
PDX1258	Dasatinib	BCR/ABL	MAPK/nRTK	0.018294	-0.11716	1.2253	0.9938	0.73151
PDX1258	Trametinib/GSK1120212	MEK	MAPK/nRTK	Inf	0.86398	5	0.84889	0.032245
PDX1258	Saracatinib/AZD0530	SRC	MAPK/nRTK	0.54229	0.16804	0.80939	0.98137	0.30344
PDX1258	ABT-737	Bcl2/XL	Misc	49.5285	0.81006	0.96884	0.71604	-0.00085573
PDX1258	Vorinostat	HDAC	Misc	1.6756	0.0069699	1.4297	0.99182	0.19929
PDX1258	Luminespib/NVP-AUY922	HSP90	Misc	0.010141	-0.19669	5	0.99767	0.56177
PDX1258	A-1210477	Mcl-1	Misc	Inf	0.92376	2.3777	0.71273	-0.0022898
PDX1258	Olaparib/AZD2281	PARP	Misc	12.3797	0.59514	1.2971	0.93885	0.021434
PDX1258	Bleomycin	Radiation	Misc	0.85023	0.11835	0.88315	0.99456	0.28136
PDX1258	Ipatasertib/GDC0068	AKT	PI3K/mTOR	4.8725	0.41015	0.76671	0.94766	0.15004
PDX1258	Alpelisib/BYL719	PI3Ka	PI3K/mTOR	20.9081	0.64494	0.65847	0.88878	0.063577
PDX1258	Taselisib/GDC0032	PI3Ka, g, d	PI3K/mTOR	0.95946	0.10864	0.67119	0.98932	0.28207
PDX1258	TGX221	PI3Kb	PI3K/mTOR	Inf	0.99649	0	-1.2995	-0.028769
PDX1258	Torin2	mTOR/ATM/ATR	PI3K/mTOR	0.035531	-0.15991	1.6003	0.98803	0.3544
PDX1258	Everolimus	mTOR1	PI3K/mTOR	Inf	0.6387	0.53092	0.97706	0.2972
PDX1258	INK128/MLN0128	mTORC1/2	PI3K/mTOR	0.045003	-0.12706	1.5352	0.98825	0.44995
PDX1258	PF-4708671	p70S6K	PI3K/mTOR	55.6828	0.79181	0.92316	0.78684	0.0059671
PDX1258	Buparlisib/NVP-BKM120	pan PI3K	PI3K/mTOR	1.3456	-0.32659	1.2516	0.99396	0.24965
PDX1258	Pictilisib/GDC0941	pan PI3K	PI3K/mTOR	1.5543	0.038802	0.60969	0.98801	0.2398
PDX1258	Ceritinib/LDK378	ALK	RTK	1.968	-0.69595	1.5351	0.97847	0.22294
PDX1258	Neratinib/HKI272	EGFR/HER2	RTK	1.1061	0.2146	0.59899	0.97182	0.16578
PDX1258	Tivantinib/ARQ197	MET	RTK	0.40116	-0.16608	1.3246	0.99537	0.37423
PDX1258	Cediranib/AZD2171	VEGFR/cKIT	RTK	4.6761	-0.525	4.9987	0.99345	0.07241
PDX1258	Cabozantinib	VEGFR2/MET	RTK	7.8899	0.23689	3.0093	0.98682	0.03375
PDX1328	Abemaciclib/LY2835219	CDK4/6	Cell cycle	0.0020804	-0.73804	0.23458	0.79342	0.90568
PDX1328	Palbociclib/PD0332991	CDK4/6	Cell cycle	0.023103	0.079104	1.4208	0.96572	0.45481
PDX1328	AZD7762	CHK1/2	Cell cycle	0.034238	-0.82588	1.2446	0.96761	0.84
PDX1328	Volasertib/BI6727	PLK	Cell cycle	0.0023916	-0.58217	2.4991	0.99905	0.98151
PDX1328	Dinaciclib/SCH727965	pan CDK	Cell cycle	0.01131	-0.67849	3.3183	0.99804	0.73727
PDX1328	Cisplatin	Chemo	Chemotherapy	0.76013	-0.45628	1.3674	0.9904	0.32894
PDX1328	Doxorubicin	Chemo	Chemotherapy	0.012686	-0.76357	1.4639	0.96988	0.81361
PDX1328	Paclitaxel	Chemo	Chemotherapy	0.0029229	-0.52599	3.2034	0.9772	0.91565
PDX1328	Topotecan	Topo I	Chemotherapy	0.0047283	-0.89536	0.46314	0.94718	1.103
PDX1328	Etoposide	Topo II	Chemotherapy	0.72771	-0.3107	1.3907	0.97711	0.38026
PDX1328	Dasatinib	BCR/ABL	MAPK/nRTK	0.029126	-0.36063	0.63501	0.95094	0.72008
PDX1328	Trametinib/GSK1120212	MEK	MAPK/nRTK	0.017153	0.21533	1.1854	0.96536	0.34935
PDX1328	Saracatinib/AZD0530	SRC	MAPK/nRTK	0.67329	-0.055897	0.44353	0.9272	0.3465
PDX1328	ABT-737	Bcl2/XL	Misc	1.292	-0.8899	1.5209	0.98213	0.32169
PDX1328	Vorinostat	HDAC	Misc	0.38793	-0.56812	1.0992	0.98959	0.47638
PDX1328	Luminespib/NVP-AUY922	HSP90	Misc	0.0022705	-0.44734	2.2891	0.98673	0.86483
PDX1328	A-1210477	Mcl-1	Misc	26.6192	0.71137	0.76144	0.80077	0.055002
PDX1328	Olaparib/AZD2281	PARP	Misc	Inf	0.72779	5	0.8971	0.026703
PDX1328	Bleomycin	Radiation	Misc	3.234	0.27576	0.43934	0.94617	0.21702
PDX1328	Ipatasertib/GDC0068	AKT	PI3K/mTOR	3.9817	0.2637	0.5998	0.95703	0.15421
PDX1328	Alpelisib/BYL719	PI3Ka	PI3K/mTOR	0.25953	-0.031439	0.82469	0.95666	0.39348
PDX1328	Taselisib/GDC0032	PI3Ka, g, d	PI3K/mTOR	0.0048194	-0.2886	0.25879	0.88319	0.78229
PDX1328	TGX221	PI3Kb	PI3K/mTOR	24.4012	0.74314	0.95762	0.68112	0.019873
PDX1328	Torin2	mTOR/ATM/ATR	PI3K/mTOR	0.0026359	-0.38306	0.89797	0.98205	0.74484
PDX1328	Everolimus	mTOR1	PI3K/mTOR	Inf	0.25116	0	0.27568	0.72579
PDX1328	INK128/MLN0128	mTORC1/2	PI3K/mTOR	0.0035878	-0.34176	1.1949	0.99193	0.85599
PDX1328	PF-4708671	p70S6K	PI3K/mTOR	7.4024	0.36752	0.86157	0.92138	0.090441
PDX1328	Buparlisib/NVP-BKM120	pan PI3K	PI3K/mTOR	0.26445	-0.54445	1.0053	0.96613	0.57614
PDX1328	Pictilisib/GDC0941	pan PI3K	PI3K/mTOR	0.25118	-0.28376	0.4963	0.97746	0.46561
PDX1328	Ceritinib/LDK378	ALK	RTK	0.23411	-0.96119	0.8952	0.98539	0.57194
PDX1328	Neratinib/HKI272	EGFR/HER2	RTK	0.099547	-0.41918	0.52291	0.9837	0.45754
PDX1328	Tivantinib/ARQ197	MET	RTK	0.19668	-0.50122	1.673	0.9966	0.56822
PDX1328	Cediranib/AZD2171	VEGFR/cKIT	RTK	0.82495	-0.84987	1.0373	0.95229	0.39534
PDX1328	Cabozantinib	VEGFR2/MET	RTK	1.5408	-0.23619	0.76383	0.95783	0.26063
MDAMB134	Abemaciclib/LY2835219	CDK4/6	Cell cycle	Inf	-0.98614	0	0.13242	0.71295
MDAMB134	Palbociclib/PD0332991	CDK4/6	Cell cycle	0.0077745	0.087637	1.7152	0.99003	0.59723
MDAMB134	AZD7762	CHK1/2	Cell cycle	0.16451	-0.55717	1.3537	0.9912	0.55679
MDAMB134	Volasertib/BI6727	PLK	Cell cycle	0.0030791	-0.4877	5	0.98762	0.79471
MDAMB134	Dinaciclib/SCH727965	pan CDK	Cell cycle	0.01126	-0.73359	2.3048	0.99145	0.69276
MDAMB134	Cisplatin	Chemo	Chemotherapy	7.0494	0.36674	0.90143	0.96828	0.082524
MDAMB134	Doxorubicin	Chemo	Chemotherapy	0.0033063	-0.90881	0.82398	0.97654	1.1041
MDAMB134	Paclitaxel	Chemo	Chemotherapy	0.00023307	-0.31617	0.55613	0.8563	1.0098
MDAMB134	Topotecan	Topo I	Chemotherapy	0.01135	-0.74642	0.62426	0.96802	0.9983
MDAMB134	Etoposide	Topo II	Chemotherapy	0.083684	-0.48632	0.68866	0.98007	0.66037
MDAMB134	Dasatinib	BCR/ABL	MAPK/nRTK	Inf	0.94747	0	-0.88243	-0.041648
MDAMB134	Trametinib/GSK1120212	MEK	MAPK/nRTK	0.0025287	-0.20669	1.0905	0.99041	0.70571
MDAMB134	Saracatinib/AZD0530	SRC	MAPK/nRTK	Inf	1.05	0	-Inf	-0.05
MDAMB134	ABT-737	Bcl2/XL	Misc	1.9898	-0.80546	1.9705	0.99461	0.2319
MDAMB134	Vorinostat	HDAC	Misc	2.531	-0.42761	5	0.99339	0.16538
MDAMB134	Luminespib/NVP-AUY922	HSP90	Misc	0.0045301	-0.67201	3.1876	0.99819	0.89501
MDAMB134	A-1210477	Mcl-1	Misc	Inf	1.05	0	-1.2737	-0.028362
MDAMB134	Olaparib/AZD2281	PARP	Misc	Inf	0.55937	4.9886	0.88954	0.016591
MDAMB134	Bleomycin	Radiation	Misc	1.8569	-0.00098007	0.60985	0.95175	0.25717
MDAMB134	Ipatasertib/GDC0068	AKT	PI3K/mTOR	Inf	0.50712	4.2684	0.94532	0.019122
MDAMB134	Alpelisib/BYL719	PI3Ka	PI3K/mTOR	31.4603	0.57261	1.4869	0.87251	0.069329
MDAMB134	Taselisib/GDC0032	PI3Ka, g, d	PI3K/mTOR	0.94253	-0.34497	0.6146	0.8915	0.35381
MDAMB134	TGX221	PI3Kb	PI3K/mTOR	Inf	0.86315	0	0.35382	-0.038322
MDAMB134	Torin2	mTOR/ATM/ATR	PI3K/mTOR	0.0062432	-0.87154	1.1419	0.99535	0.8242
MDAMB134	Everolimus	mTOR1	PI3K/mTOR	0.00023281	-0.13014	0.57902	0.94401	1.0656
MDAMB134	INK128/MLN0128	mTORC1/2	PI3K/mTOR	0.0039524	-0.77111	1.2717	0.99611	1.1128
MDAMB134	PF-4708671	p70S6K	PI3K/mTOR	12.0577	0.72621	4.9995	0.78413	-0.029763
MDAMB134	Buparlisib/NVP-BKM120	pan PI3K	PI3K/mTOR	0.26339	-0.69281	0.82323	0.98282	0.51035
MDAMB134	Pictilisib/GDC0941	pan PI3K	PI3K/mTOR	3.3709	-0.07569	1.0746	0.96336	0.15377
MDAMB134	Ceritinib/LDK378	ALK	RTK	0.15953	-0.97956	0.89474	0.98727	0.62158
MDAMB134	Neratinib/HKI272	EGFR/HER2	RTK	1.1938	0.020061	4.6256	0.98439	0.065502
MDAMB134	Tivantinib/ARQ197	MET	RTK	0.20258	-0.26606	2.3691	0.99434	0.47349
MDAMB134	Cediranib/AZD2171	VEGFR/cKIT	RTK	3.9973	-0.99225	5	0.99437	0.10513
MDAMB134	Cabozantinib	VEGFR2/MET	RTK	10.5219	0.58726	5	0.9032	-0.017762
MDAMB157	Abemaciclib/LY2835219	CDK4/6	Cell cycle	1.9734	-0.57676	1.2406	0.93167	0.2595
MDAMB157	Palbociclib/PD0332991	CDK4/6	Cell cycle	Inf	0.96786	0	0.076337	-0.00087827
MDAMB157	AZD7762	CHK1/2	Cell cycle	0.02205	-0.70598	0.66991	0.98698	0.87877
MDAMB157	Volasertib/BI6727	PLK	Cell cycle	0.0072923	-0.58037	4.3041	0.99862	0.80992
MDAMB157	Dinaciclib/SCH727965	pan CDK	Cell cycle	0.018976	-0.8343	4.1569	0.99882	0.72522
MDAMB157	Cisplatin	Chemo	Chemotherapy	5.7154	0.21309	1.2181	0.98263	0.11122
MDAMB157	Doxorubicin	Chemo	Chemotherapy	0.0035983	-0.7305	1	0.93538	0.93229
MDAMB157	Paclitaxel	Chemo	Chemotherapy	0.0035077	-0.507	1.0171	0.96248	0.77669
MDAMB157	Topotecan	Topo I	Chemotherapy	0.0063373	-0.72617	0.72257	0.9197	1.0619
MDAMB157	Etoposide	Topo II	Chemotherapy	0.11782	-0.41304	1.4747	0.9909	0.59807
MDAMB157	Dasatinib	BCR/ABL	MAPK/nRTK	0.065103	0.095479	0.7865	0.98794	0.50708
MDAMB157	Trametinib/GSK1120212	MEK	MAPK/nRTK	0.14316	0.41756	0.66004	0.98765	0.28806
MDAMB157	Saracatinib/AZD0530	SRC	MAPK/nRTK	4.9744	0.35817	0.43295	0.96516	0.17723
MDAMB157	ABT-737	Bcl2/XL	Misc	7.3389	0.2837	1.6537	0.96697	0.038601
MDAMB157	Vorinostat	HDAC	Misc	1.1178	-0.38451	1.0899	0.99645	0.29466
MDAMB157	Luminespib/NVP-AUY922	HSP90	Misc	0.0047029	-0.01571	3.2878	0.99836	0.58537
MDAMB157	A-1210477	Mcl-1	Misc	13.045	0.79023	4.984	0.87883	0.0067817
MDAMB157	Olaparib/AZD2281	PARP	Misc	5.6032	0.17691	1.2445	0.98089	0.10816
MDAMB157	Bleomycin	Radiation	Misc	1.5035	-0.23198	0.98102	0.98982	0.26314
MDAMB157	Ipatasertib/GDC0068	AKT	PI3K/mTOR	17.4077	0.60202	0.59434	0.92162	0.077202
MDAMB157	Alpelisib/BYL719	PI3Ka	PI3K/mTOR	10.3991	0.50196	0.67292	0.97173	0.10567
MDAMB157	Taselisib/GDC0032	PI3Ka, g, d	PI3K/mTOR	1.6594	0.23587	0.23358	0.92908	0.32608
MDAMB157	TGX221	PI3Kb	PI3K/mTOR	Inf	0.82736	1.1087	0.7502	0.0009725
MDAMB157	Torin2	mTOR/ATM/ATR	PI3K/mTOR	0.035115	-0.19287	0.93683	0.99665	0.40097
MDAMB157	Everolimus	mTOR1	PI3K/mTOR	5.7533	0.46637	0.12763	0.94306	0.40457
MDAMB157	INK128/MLN0128	mTORC1/2	PI3K/mTOR	0.031389	-0.019914	0.93186	0.99872	0.51119
MDAMB157	PF-4708671	p70S6K	PI3K/mTOR	3.769	0.11426	1.0318	0.97994	0.1278
MDAMB157	Buparlisib/NVP-BKM120	pan PI3K	PI3K/mTOR	1.4904	-0.53262	1.1912	0.99637	0.26742
MDAMB157	Pictilisib/GDC0941	pan PI3K	PI3K/mTOR	2.1485	0.19968	0.38167	0.95651	0.25382
MDAMB157	Ceritinib/LDK378	ALK	RTK	0.47935	-0.8424	0.89713	0.98173	0.45058
MDAMB157	Neratinib/HKI272	EGFR/HER2	RTK	0.81046	0.12687	0.76323	0.99297	0.18317
MDAMB157	Tivantinib/ARQ197	MET	RTK	0.88622	-0.3934	2.8503	0.99776	0.33703
MDAMB157	Cediranib/AZD2171	VEGFR/cKIT	RTK	0.87316	-0.52819	0.78948	0.96795	0.33799
MDAMB157	Cabozantinib	VEGFR2/MET	RTK	2.8582	0.15301	0.54685	0.97545	0.20567
MDAMB361	Abemaciclib/LY2835219	CDK4/6	Cell cycle	0.0043517	-0.29053	0.95645	0.89178	0.83928
MDAMB361	Palbociclib/PD0332991	CDK4/6	Cell cycle	0.018267	0.10907	2.1034	0.99372	0.50662
MDAMB361	AZD7762	CHK1/2	Cell cycle	0.0082896	-0.58983	1.9708	0.97129	0.97537
MDAMB361	Volasertib/BI6727	PLK	Cell cycle	0.0040757	-0.40634	3.47	0.99246	0.72847
MDAMB361	Dinaciclib/SCH727965	pan CDK	Cell cycle	0.012107	-0.25119	5	0.99485	0.5772
MDAMB361	Cisplatin	Chemo	Chemotherapy	2.6913	-0.28155	1.8948	0.98557	0.18277
MDAMB361	Doxorubicin	Chemo	Chemotherapy	0.012899	-0.57296	2.282	0.97324	0.86149
MDAMB361	Paclitaxel	Chemo	Chemotherapy	0.003335	-0.45606	2.9231	0.92856	0.88393
MDAMB361	Topotecan	Topo I	Chemotherapy	0.011147	-0.60881	1.8994	0.99307	1.059
MDAMB361	Etoposide	Topo II	Chemotherapy	1.2199	-0.44384	1.4088	0.97291	0.34059
MDAMB361	Dasatinib	BCR/ABL	MAPK/nRTK	0.32313	0.077794	1.196	0.98192	0.33963
MDAMB361	Trametinib/GSK1120212	MEK	MAPK/nRTK	2.202	0.5346	0.52737	0.88946	0.19675
MDAMB361	Saracatinib/AZD0530	SRC	MAPK/nRTK	0.48535	-0.17791	0.43495	0.97872	0.39126
MDAMB361	ABT-737	Bcl2/XL	Misc	Inf	0.85924	4.8997	0.61112	-0.012112
MDAMB361	Vorinostat	HDAC	Misc	0.79798	-0.82003	2.1544	0.99773	0.42729
MDAMB361	Luminespib/NVP-AUY922	HSP90	Misc	0.0065354	-0.81599	4.1299	0.9995	0.94834
MDAMB361	A-1210477	Mcl-1	Misc	Inf	0.97561	0	0.032587	-0.0043266
MDAMB361	Olaparib/AZD2281	PARP	Misc	4.92	0.10257	1.3352	0.97104	0.097855
MDAMB361	Bleomycin	Radiation	Misc	0.80465	-0.2155	0.67093	0.96596	0.35725
MDAMB361	Ipatasertib/GDC0068	AKT	PI3K/mTOR	0.34985	-0.53575	0.73716	0.98846	0.43364
MDAMB361	Alpelisib/BYL719	PI3Ka	PI3K/mTOR	0.23594	-0.72191	0.65375	0.98042	0.51659
MDAMB361	Taselisib/GDC0032	PI3Ka, g, d	PI3K/mTOR	0.0018586	-0.94442	0.6126	0.99732	1.3749
MDAMB361	TGX221	PI3Kb	PI3K/mTOR	12.681	0.77663	5	0.70876	-0.031675
MDAMB361	Torin2	mTOR/ATM/ATR	PI3K/mTOR	0.0054268	-0.91939	0.94728	0.99466	0.82554
MDAMB361	Everolimus	mTOR1	PI3K/mTOR	0.00040081	0.084331	1.0231	0.71201	0.83795
MDAMB361	INK128/MLN0128	mTORC1/2	PI3K/mTOR	0.003834	-0.74926	1.2144	0.98418	1.0271
MDAMB361	PF-4708671	p70S6K	PI3K/mTOR	6.7635	0.17269	1.9054	0.98116	0.069172
MDAMB361	Buparlisib/NVP-BKM120	pan PI3K	PI3K/mTOR	0.23794	-0.88473	0.93325	0.99569	0.58387
MDAMB361	Pictilisib/GDC0941	pan PI3K	PI3K/mTOR	0.082461	-0.89824	0.61669	0.98615	0.70124
MDAMB361	Ceritinib/LDK378	ALK	RTK	0.29111	-0.93285	0.81812	0.97657	0.5299
MDAMB361	Neratinib/HKI272	EGFR/HER2	RTK	0.17516	-0.35671	0.5117	0.93623	0.39583
MDAMB361	Tivantinib/ARQ197	MET	RTK	0.36871	-0.45025	1.6892	0.99692	0.46508
MDAMB361	Cediranib/AZD2171	VEGFR/cKIT	RTK	2.0617	-0.94316	2.0413	0.96124	0.29184
MDAMB361	Cabozantinib	VEGFR2/MET	RTK	Inf	0.64076	5	0.71537	0.070404
MDAMB436	Abemaciclib/LY2835219	CDK4/6	Cell cycle	2.2329	-0.25792	1.2554	0.98875	0.17437
MDAMB436	Palbociclib/PD0332991	CDK4/6	Cell cycle	Inf	1.05	0	-8.4246	-0.034974
MDAMB436	AZD7762	CHK1/2	Cell cycle	0.042576	-0.21057	1.5308	0.98406	0.62806
MDAMB436	Volasertib/BI6727	PLK	Cell cycle	0.0054369	-0.082738	3.8394	0.99918	0.60578
MDAMB436	Dinaciclib/SCH727965	pan CDK	Cell cycle	0.015362	-0.14317	4.627	0.99745	0.48003
MDAMB436	Cisplatin	Chemo	Chemotherapy	0.50099	0.0098002	1.0651	0.99023	0.33776
MDAMB436	Doxorubicin	Chemo	Chemotherapy	0.0089153	-0.083545	1.2311	0.99366	0.67623
MDAMB436	Paclitaxel	Chemo	Chemotherapy	0.0038877	-0.072176	3.5231	0.99658	0.62203
MDAMB436	Topotecan	Topo I	Chemotherapy	0.0068081	-0.13051	0.87742	0.99803	0.8442
MDAMB436	Etoposide	Topo II	Chemotherapy	0.31045	-0.11624	0.81835	0.98955	0.41104
MDAMB436	Dasatinib	BCR/ABL	MAPK/nRTK	Inf	0.69496	0	0.24426	0.089198
MDAMB436	Trametinib/GSK1120212	MEK	MAPK/nRTK	Inf	0.56494	1.0535	0.9384	0.18054
MDAMB436	Saracatinib/AZD0530	SRC	MAPK/nRTK	43.3067	0.7471	0.71852	0.84316	0.033951
MDAMB436	ABT-737	Bcl2/XL	Misc	34.1288	0.84676	1.3318	0.68644	0.0013303
MDAMB436	Vorinostat	HDAC	Misc	2.9059	0.089228	1.8112	0.99598	0.14933
MDAMB436	Luminespib/NVP-AUY922	HSP90	Misc	0.004078	-0.024815	3.0889	0.99889	0.61673
MDAMB436	A-1210477	Mcl-1	Misc	Inf	0.87718	0	0.40676	0.014379
MDAMB436	Olaparib/AZD2281	PARP	Misc	2.2358	0.30346	0.30201	0.98191	0.28183
MDAMB436	Bleomycin	Radiation	Misc	1.0835	-0.038777	0.79966	0.97502	0.28386
MDAMB436	Ipatasertib/GDC0068	AKT	PI3K/mTOR	38.7326	0.65693	0.39216	0.90469	0.093267
MDAMB436	Alpelisib/BYL719	PI3Ka	PI3K/mTOR	38.406	0.74224	0.63529	0.84299	0.049318
MDAMB436	Taselisib/GDC0032	PI3Ka, g, d	PI3K/mTOR	5.1751	0.26801	0.68041	0.92195	0.16166
MDAMB436	TGX221	PI3Kb	PI3K/mTOR	19.3213	0.74209	1.3247	0.81947	-0.0019213
MDAMB436	Torin2	mTOR/ATM/ATR	PI3K/mTOR	0.054658	0.16364	0.67587	0.97534	0.31502
MDAMB436	Everolimus	mTOR1	PI3K/mTOR	Inf	0.63249	0.77854	0.85416	0.29776
MDAMB436	INK128/MLN0128	mTORC1/2	PI3K/mTOR	0.028101	0.2348	1.0933	0.97239	0.41158
MDAMB436	PF-4708671	p70S6K	PI3K/mTOR	4.9584	0.21322	1.339	0.9879	0.088352
MDAMB436	Buparlisib/NVP-BKM120	pan PI3K	PI3K/mTOR	1.2838	-0.12355	1.6808	0.99167	0.26081
MDAMB436	Pictilisib/GDC0941	pan PI3K	PI3K/mTOR	5.9218	0.33551	0.75024	0.98213	0.12568
MDAMB436	Ceritinib/LDK378	ALK	RTK	0.51431	-0.62792	0.95946	0.99529	0.40327
MDAMB436	Neratinib/HKI272	EGFR/HER2	RTK	0.74474	0.040372	0.88788	0.98921	0.18143
MDAMB436	Tivantinib/ARQ197	MET	RTK	0.39235	-0.13154	2.3899	0.99802	0.38113
MDAMB436	Cediranib/AZD2171	VEGFR/cKIT	RTK	3.7296	-0.31025	1.7226	0.98012	0.15261
MDAMB436	Cabozantinib	VEGFR2/MET	RTK	6.5314	0.096089	2.2296	0.98773	0.057279
MDAMB453	Abemaciclib/LY2835219	CDK4/6	Cell cycle	0.0046352	-0.74763	0.26736	0.74378	0.86953
MDAMB453	Palbociclib/PD0332991	CDK4/6	Cell cycle	0.038122	0.0071634	1.2665	0.993	0.46391
MDAMB453	AZD7762	CHK1/2	Cell cycle	0.011297	-0.24015	1.6652	0.99291	0.87583
MDAMB453	Volasertib/BI6727	PLK	Cell cycle	0.0086643	-0.14824	2.0687	0.96588	0.46862
MDAMB453	Dinaciclib/SCH727965	pan CDK	Cell cycle	0.010774	-0.14372	4.9999	0.9973	0.54416
MDAMB453	Cisplatin	Chemo	Chemotherapy	3.3792	0.14848	3.6	0.98765	0.087242
MDAMB453	Doxorubicin	Chemo	Chemotherapy	0.0055914	-0.15546	2.1577	0.99175	0.74102
MDAMB453	Paclitaxel	Chemo	Chemotherapy	0.0034021	0.30413	1.4155	0.73626	0.52071
MDAMB453	Topotecan	Topo I	Chemotherapy	0.0064544	-0.30472	1.5124	0.96875	0.90234
MDAMB453	Etoposide	Topo II	Chemotherapy	0.39806	-0.064265	1.4929	0.99626	0.36561
MDAMB453	Dasatinib	BCR/ABL	MAPK/nRTK	10.6852	0.53437	1.494	0.78168	0.074622
MDAMB453	Trametinib/GSK1120212	MEK	MAPK/nRTK	0.031763	0.010321	1.6022	0.98641	0.34114
MDAMB453	Saracatinib/AZD0530	SRC	MAPK/nRTK	8.1169	0.37858	1.4348	0.96198	0.063812
MDAMB453	ABT-737	Bcl2/XL	Misc	8.2206	0.17459	4.739	0.97728	0.016853
MDAMB453	Vorinostat	HDAC	Misc	0.99513	-0.3249	2.8071	0.9914	0.26096
MDAMB453	Luminespib/NVP-AUY922	HSP90	Misc	0.0032883	-0.33833	2.8457	0.99612	0.78595
MDAMB453	A-1210477	Mcl-1	Misc	Inf	0.93314	0	-0.32037	-0.036035
MDAMB453	Olaparib/AZD2281	PARP	Misc	1.6532	-0.029278	0.79716	0.98913	0.24214
MDAMB453	Bleomycin	Radiation	Misc	1.243	-0.01608	1.2586	0.99055	0.22008
MDAMB453	Ipatasertib/GDC0068	AKT	PI3K/mTOR	0.46474	-0.12298	1.3946	0.99148	0.32818
MDAMB453	Alpelisib/BYL719	PI3Ka	PI3K/mTOR	0.43828	-0.22967	0.79855	0.98102	0.36205
MDAMB453	Taselisib/GDC0032	PI3Ka, g, d	PI3K/mTOR	0.0032545	-0.4589	1.1079	0.94005	0.98348
MDAMB453	TGX221	PI3Kb	PI3K/mTOR	Inf	0.83771	0	0.56241	-0.030057
MDAMB453	Torin2	mTOR/ATM/ATR	PI3K/mTOR	0.0074971	-0.61798	1.1407	0.9745	0.64808
MDAMB453	Everolimus	mTOR1	PI3K/mTOR	Inf	0.02491	0	0.22449	0.90443
MDAMB453	INK128/MLN0128	mTORC1/2	PI3K/mTOR	0.0090602	-0.29542	2.0016	0.99201	0.72591
MDAMB453	PF-4708671	p70S6K	PI3K/mTOR	4.2526	0.026355	4.9986	0.98105	0.043619
MDAMB453	Buparlisib/NVP-BKM120	pan PI3K	PI3K/mTOR	0.6379	-0.36018	1.5278	0.99398	0.33351
MDAMB453	Pictilisib/GDC0941	pan PI3K	PI3K/mTOR	0.3824	-0.24458	0.84372	0.99123	0.39478
MDAMB453	Ceritinib/LDK378	ALK	RTK	0.35477	-0.66968	1.156	0.99146	0.48122
MDAMB453	Neratinib/HKI272	EGFR/HER2	RTK	0.029848	-0.24894	0.51303	0.97987	0.55744
MDAMB453	Tivantinib/ARQ197	MET	RTK	0.24836	-0.046491	1.7927	0.99093	0.38281
MDAMB453	Cediranib/AZD2171	VEGFR/cKIT	RTK	2.6477	-0.61474	2.7733	0.99421	0.15915
MDAMB453	Cabozantinib	VEGFR2/MET	RTK	9.1339	0.47889	4.9023	0.93865	-0.0050745
MDAMB468	Abemaciclib/LY2835219	CDK4/6	Cell cycle	2.6427	-0.084922	1.6407	0.99142	0.14858
MDAMB468	Palbociclib/PD0332991	CDK4/6	Cell cycle	Inf	1.0383	0	-0.50687	-0.019688
MDAMB468	AZD7762	CHK1/2	Cell cycle	0.37085	-0.34258	1.1943	0.99368	0.41757
MDAMB468	Volasertib/BI6727	PLK	Cell cycle	0.0024171	-0.25931	2.7441	0.99815	0.78005
MDAMB468	Dinaciclib/SCH727965	pan CDK	Cell cycle	0.016326	-0.25918	2.9734	0.99753	0.51238
MDAMB468	Cisplatin	Chemo	Chemotherapy	1.4812	-0.07316	1.5066	0.99385	0.2448
MDAMB468	Doxorubicin	Chemo	Chemotherapy	0.006189	-0.20073	2.378	0.99512	0.78872
MDAMB468	Paclitaxel	Chemo	Chemotherapy	0.0022764	-0.11068	0.95501	0.94923	0.69872
MDAMB468	Topotecan	Topo I	Chemotherapy	0.01764	-0.32819	2.3673	0.99584	0.87507
MDAMB468	Etoposide	Topo II	Chemotherapy	0.5695	-0.33011	1.9132	0.99735	0.37417
MDAMB468	Dasatinib	BCR/ABL	MAPK/nRTK	6.1598	0.40442	0.75827	0.97043	0.1175
MDAMB468	Trametinib/GSK1120212	MEK	MAPK/nRTK	0.63016	0.45405	0.49785	0.99179	0.2017
MDAMB468	Saracatinib/AZD0530	SRC	MAPK/nRTK	6.1272	0.2778	0.99801	0.96831	0.1164
MDAMB468	ABT-737	Bcl2/XL	Misc	7.5672	0.33766	1.3987	0.98525	0.062624
MDAMB468	Vorinostat	HDAC	Misc	1.6649	0.014956	2.0587	0.99968	0.19599
MDAMB468	Luminespib/NVP-AUY922	HSP90	Misc	0.0052758	-0.098782	3.8732	0.99899	0.6056
MDAMB468	A-1210477	Mcl-1	Misc	Inf	0.94094	0	0.48476	0.022035
MDAMB468	Olaparib/AZD2281	PARP	Misc	9.2289	0.45312	1.4736	0.97286	0.043936
MDAMB468	Bleomycin	Radiation	Misc	1.086	-0.076311	0.87158	0.99424	0.28009
MDAMB468	Ipatasertib/GDC0068	AKT	PI3K/mTOR	2.8188	0.343	0.60505	0.96426	0.20913
MDAMB468	Alpelisib/BYL719	PI3Ka	PI3K/mTOR	17.5397	0.74908	1.5128	0.90204	0.029275
MDAMB468	Taselisib/GDC0032	PI3Ka, g, d	PI3K/mTOR	3.0045	0.10938	0.69409	0.98647	0.18812
MDAMB468	TGX221	PI3Kb	PI3K/mTOR	Inf	0.76231	0.56505	0.94452	0.090929
MDAMB468	Torin2	mTOR/ATM/ATR	PI3K/mTOR	0.017876	0.071757	1.0439	0.98974	0.40128
MDAMB468	Everolimus	mTOR1	PI3K/mTOR	Inf	0.56301	0.10014	0.64029	0.39437
MDAMB468	INK128/MLN0128	mTORC1/2	PI3K/mTOR	0.02654	0.13366	1.3279	0.99737	0.46499
MDAMB468	PF-4708671	p70S6K	PI3K/mTOR	4.2784	0.096005	1.2572	0.99711	0.1113
MDAMB468	Buparlisib/NVP-BKM120	pan PI3K	PI3K/mTOR	1.0783	-0.19168	1.5779	0.99673	0.26003
MDAMB468	Pictilisib/GDC0941	pan PI3K	PI3K/mTOR	2.8525	0.066381	0.74482	0.99476	0.18167
MDAMB468	Ceritinib/LDK378	ALK	RTK	0.85249	-0.43512	2.3505	0.98751	0.36956
MDAMB468	Neratinib/HKI272	EGFR/HER2	RTK	0.17769	-0.063103	0.97697	0.99629	0.32907
MDAMB468	Tivantinib/ARQ197	MET	RTK	0.37141	-0.10392	2.3841	0.99898	0.3729
MDAMB468	Cediranib/AZD2171	VEGFR/cKIT	RTK	4.2085	-0.54986	2.6885	0.99656	0.14947
MDAMB468	Cabozantinib	VEGFR2/MET	RTK	9.3202	0.45152	1.7518	0.98086	0.039703
CAL51	Abemaciclib/LY2835219	CDK4/6	Cell cycle	0.096362	-0.31215	0.36225	0.98238	0.57943
CAL51	Palbociclib/PD0332991	CDK4/6	Cell cycle	0.28709	0.34228	0.84181	0.99327	0.26506
CAL51	AZD7762	CHK1/2	Cell cycle	0.04959	-0.43705	1.2359	0.98307	0.67415
CAL51	Volasertib/BI6727	PLK	Cell cycle	0.0059129	-0.25699	3.1425	0.99649	0.63892
CAL51	Dinaciclib/SCH727965	pan CDK	Cell cycle	0.014508	-0.25577	3.6971	0.99931	0.55846
CAL51	Cisplatin	Chemo	Chemotherapy	1.9981	-0.021361	0.90544	0.99769	0.21703
CAL51	Doxorubicin	Chemo	Chemotherapy	0.0085193	-0.44108	1.1086	0.98953	0.78612
CAL51	Paclitaxel	Chemo	Chemotherapy	0.0043791	-0.14562	1.4031	0.99611	0.63037
CAL51	Topotecan	Topo I	Chemotherapy	0.018673	-0.47495	1.2082	0.98364	0.84866
CAL51	Etoposide	Topo II	Chemotherapy	0.22896	-0.19679	1.1662	0.99801	0.47108
CAL51	Dasatinib	BCR/ABL	MAPK/nRTK	0.10496	0.18149	0.76293	0.99536	0.44637
CAL51	Trametinib/GSK1120212	MEK	MAPK/nRTK	Inf	0.71019	0.98936	0.97981	0.057678
CAL51	Saracatinib/AZD0530	SRC	MAPK/nRTK	2.4581	0.3024	0.65283	0.99755	0.20946
CAL51	ABT-737	Bcl2/XL	Misc	45.1181	0.88976	1.6855	0.90843	0.011476
CAL51	Vorinostat	HDAC	Misc	1.824	-0.042573	1.4653	0.98892	0.18432
CAL51	Luminespib/NVP-AUY922	HSP90	Misc	0.006292	-0.24734	3.0817	0.99942	0.66447
CAL51	A-1210477	Mcl-1	Misc	Inf	0.99328	0	0.11443	0.0087285
CAL51	Olaparib/AZD2281	PARP	Misc	7.1497	0.36133	0.78306	0.94458	0.11901
CAL51	Bleomycin	Radiation	Misc	0.1592	-0.13228	0.82088	0.99949	0.49374
CAL51	Ipatasertib/GDC0068	AKT	PI3K/mTOR	3.2937	0.39089	0.56537	0.98841	0.21959
CAL51	Alpelisib/BYL719	PI3Ka	PI3K/mTOR	6.5653	0.36467	0.56185	0.95726	0.14777
CAL51	Taselisib/GDC0032	PI3Ka, g, d	PI3K/mTOR	0.14596	-0.22725	0.4122	0.985	0.51492
CAL51	TGX221	PI3Kb	PI3K/mTOR	Inf	0.91116	0	0.56056	-0.0092819
CAL51	Torin2	mTOR/ATM/ATR	PI3K/mTOR	0.019804	-0.091818	0.857	0.99257	0.43244
CAL51	Everolimus	mTOR1	PI3K/mTOR	Inf	0.56459	1.0697	0.71393	0.42228
CAL51	INK128/MLN0128	mTORC1/2	PI3K/mTOR	0.016145	0.12225	0.9712	0.99767	0.52298
CAL51	PF-4708671	p70S6K	PI3K/mTOR	33.1024	0.72784	0.64528	0.97643	0.047904
CAL51	Buparlisib/NVP-BKM120	pan PI3K	PI3K/mTOR	1.0116	-0.29882	1.6185	0.99102	0.31546
CAL51	Pictilisib/GDC0941	pan PI3K	PI3K/mTOR	3.114	0.080375	0.74952	0.98549	0.18344
CAL51	Ceritinib/LDK378	ALK	RTK	0.47711	-0.396	1.2439	0.99445	0.40814
CAL51	Neratinib/HKI272	EGFR/HER2	RTK	2.2342	0.28398	1.463	0.98746	0.090909
CAL51	Tivantinib/ARQ197	MET	RTK	0.60302	-0.24442	1.5117	0.99942	0.34898
CAL51	Cediranib/AZD2171	VEGFR/cKIT	RTK	3.2286	-0.086745	1.0611	0.97633	0.1635
CAL51	Cabozantinib	VEGFR2/MET	RTK	7.8895	0.31212	1.8965	0.98847	0.059375
HCC1395	Abemaciclib/LY2835219	CDK4/6	Cell cycle	0.10939	-0.41615	0.36815	0.94842	0.55746
HCC1395	Palbociclib/PD0332991	CDK4/6	Cell cycle	0.10398	0.35728	1.494	0.98565	0.27679
HCC1395	AZD7762	CHK1/2	Cell cycle	0.035762	-0.5463	1.1282	0.94914	0.7206
HCC1395	Volasertib/BI6727	PLK	Cell cycle	0.003586	-0.061677	3.2574	0.99384	0.62249
HCC1395	Dinaciclib/SCH727965	pan CDK	Cell cycle	0.013447	-0.39867	2.9405	0.99738	0.59903
HCC1395	Cisplatin	Chemo	Chemotherapy	0.92533	-0.087013	0.71521	0.96785	0.3119
HCC1395	Doxorubicin	Chemo	Chemotherapy	0.062335	-0.37134	0.43264	0.92454	0.4876
HCC1395	Paclitaxel	Chemo	Chemotherapy	0.0046677	-0.20773	2.8146	0.99706	0.6902
HCC1395	Topotecan	Topo I	Chemotherapy	0.0066999	-0.48475	0.32843	0.93575	0.89267
HCC1395	Etoposide	Topo II	Chemotherapy	0.61705	0.059208	1.4432	0.99514	0.29607
HCC1395	Dasatinib	BCR/ABL	MAPK/nRTK	0.080976	-0.22725	1.9988	0.98529	0.53907
HCC1395	Trametinib/GSK1120212	MEK	MAPK/nRTK	Inf	0.4714	1.783	0.97814	0.18352
HCC1395	Saracatinib/AZD0530	SRC	MAPK/nRTK	4.2734	0.19292	0.92118	0.93038	0.10728
HCC1395	ABT-737	Bcl2/XL	Misc	Inf	0.91732	0	0.2885	-0.012907
HCC1395	Vorinostat	HDAC	Misc	3.5569	0.0074724	2.3551	0.99012	0.098255
HCC1395	Luminespib/NVP-AUY922	HSP90	Misc	0.0056428	-0.063193	3.8991	0.99582	0.55983
HCC1395	A-1210477	Mcl-1	Misc	17.892	0.86097	4.9997	0.74519	0.0031598
HCC1395	Olaparib/AZD2281	PARP	Misc	5.9347	0.37871	0.48669	0.97437	0.15806
HCC1395	Bleomycin	Radiation	Misc	0.20597	-0.23932	0.66848	0.99716	0.48974
HCC1395	Ipatasertib/GDC0068	AKT	PI3K/mTOR	1.0002	0.20604	0.62154	0.97334	0.27311
HCC1395	Alpelisib/BYL719	PI3Ka	PI3K/mTOR	14.2922	0.64082	1.2252	0.90635	0.026251
HCC1395	Taselisib/GDC0032	PI3Ka, g, d	PI3K/mTOR	2.2645	0.0098674	0.68543	0.98163	0.2037
HCC1395	TGX221	PI3Kb	PI3K/mTOR	9.1189	0.47451	0.72207	0.94877	0.085898
HCC1395	Torin2	mTOR/ATM/ATR	PI3K/mTOR	0.01476	-0.070626	1.7215	0.9885	0.43105
HCC1395	Everolimus	mTOR1	PI3K/mTOR	0.0044651	0.41483	0.33525	0.74965	0.53873
HCC1395	INK128/MLN0128	mTORC1/2	PI3K/mTOR	0.011321	-0.012131	1.5748	0.98266	0.54765
HCC1395	PF-4708671	p70S6K	PI3K/mTOR	Inf	0.65943	1.9442	0.91091	0.01771
HCC1395	Buparlisib/NVP-BKM120	pan PI3K	PI3K/mTOR	1.1187	-0.36725	1.3765	0.99367	0.26382
HCC1395	Pictilisib/GDC0941	pan PI3K	PI3K/mTOR	1.4575	0.00086883	0.9234	0.98496	0.22362
HCC1395	Ceritinib/LDK378	ALK	RTK	1.7129	-0.5865	1.8391	0.99522	0.22251
HCC1395	Neratinib/HKI272	EGFR/HER2	RTK	1.0543	0.086445	0.88036	0.9832	0.13759
HCC1395	Tivantinib/ARQ197	MET	RTK	0.59634	-0.25655	1.4299	0.99479	0.32934
HCC1395	Cediranib/AZD2171	VEGFR/cKIT	RTK	1.6898	-0.40727	1	0.97516	0.23069
HCC1395	Cabozantinib	VEGFR2/MET	RTK	5.7913	0.14102	1.6636	0.98903	0.067541
HCC1419	Abemaciclib/LY2835219	CDK4/6	Cell cycle	0.048134	0.25967	0.84341	0.93395	0.4681
HCC1419	Palbociclib/PD0332991	CDK4/6	Cell cycle	0.2179	0.39833	1.249	0.97788	0.25142
HCC1419	AZD7762	CHK1/2	Cell cycle	0.11218	-0.020376	1.3546	0.97379	0.45975
HCC1419	Volasertib/BI6727	PLK	Cell cycle	0.022181	0.083808	1.773	0.9724	0.33117
HCC1419	Dinaciclib/SCH727965	pan CDK	Cell cycle	0.026524	-0.31994	5	0.99411	0.45719
HCC1419	Cisplatin	Chemo	Chemotherapy	1.4389	0.062716	1.1144	0.93152	0.25439
HCC1419	Doxorubicin	Chemo	Chemotherapy	0.021604	-0.4411	0.60532	0.93002	0.58852
HCC1419	Paclitaxel	Chemo	Chemotherapy	0.0099861	0.3731	2.8938	0.97503	0.33795
HCC1419	Topotecan	Topo I	Chemotherapy	0.0052251	-0.54826	0.49086	0.94861	0.98777
HCC1419	Etoposide	Topo II	Chemotherapy	0.6796	-0.038746	1.7331	0.95296	0.35247
HCC1419	Dasatinib	BCR/ABL	MAPK/nRTK	0.85067	-0.11766	0.86786	0.99194	0.30407
HCC1419	Trametinib/GSK1120212	MEK	MAPK/nRTK	0.024138	0.39383	1.5382	0.98118	0.30373
HCC1419	Saracatinib/AZD0530	SRC	MAPK/nRTK	0.76555	-0.067314	0.84898	0.98631	0.28857
HCC1419	ABT-737	Bcl2/XL	Misc	10.0691	0.51167	5	0.95684	0.00027936
HCC1419	Vorinostat	HDAC	Misc	1.5996	-0.026084	2.7105	0.99067	0.17585
HCC1419	Luminespib/NVP-AUY922	HSP90	Misc	0.0065045	-0.041331	2.252	0.99575	0.54247
HCC1419	A-1210477	Mcl-1	Misc	14.4482	0.70617	1.8039	0.85085	0.040823
HCC1419	Olaparib/AZD2281	PARP	Misc	Inf	0.62003	2.2296	0.95986	0.026498
HCC1419	Bleomycin	Radiation	Misc	3.6096	0.31303	0.68078	0.85982	0.18547
HCC1419	Ipatasertib/GDC0068	AKT	PI3K/mTOR	Inf	0.48973	1.4605	0.95483	0.10679
HCC1419	Alpelisib/BYL719	PI3Ka	PI3K/mTOR	0.74627	0.043949	0.37783	0.93831	0.34679
HCC1419	Taselisib/GDC0032	PI3Ka, g, d	PI3K/mTOR	0.0089198	-0.26501	0.67454	0.97549	0.79474
HCC1419	TGX221	PI3Kb	PI3K/mTOR	Inf	0.78796	4.9991	0.78783	-0.0065169
HCC1419	Torin2	mTOR/ATM/ATR	PI3K/mTOR	0.005207	-0.14948	1.0475	0.98491	0.58447
HCC1419	Everolimus	mTOR1	PI3K/mTOR	Inf	0.19394	0	0.31838	0.70855
HCC1419	INK128/MLN0128	mTORC1/2	PI3K/mTOR	0.0046668	-0.055087	1.399	0.99256	0.7155
HCC1419	PF-4708671	p70S6K	PI3K/mTOR	4.9509	0.32807	1.0581	0.98067	0.11906
HCC1419	Buparlisib/NVP-BKM120	pan PI3K	PI3K/mTOR	0.40135	-0.32385	0.86946	0.99122	0.42557
HCC1419	Pictilisib/GDC0941	pan PI3K	PI3K/mTOR	0.17931	-0.10939	0.57361	0.99322	0.48973
HCC1419	Ceritinib/LDK378	ALK	RTK	2.462	-0.79372	2.1937	0.99289	0.20819
HCC1419	Neratinib/HKI272	EGFR/HER2	RTK	0.001051	-0.21425	0.7498	0.92713	0.85216
HCC1419	Tivantinib/ARQ197	MET	RTK	0.66789	0.2184	2.2443	0.98631	0.22689
HCC1419	Cediranib/AZD2171	VEGFR/cKIT	RTK	4.9588	-0.035361	4.9627	0.99323	0.061687
HCC1419	Cabozantinib	VEGFR2/MET	RTK	10.6823	0.60926	5	0.90325	-0.0082099
HCC1500	Abemaciclib/LY2835219	CDK4/6	Cell cycle	0.036234	0.11939	1.3407	0.85624	0.4334
HCC1500	Palbociclib/PD0332991	CDK4/6	Cell cycle	0.51469	0.44612	2.3925	0.95479	0.21516
HCC1500	AZD7762	CHK1/2	Cell cycle	0.049507	-0.27151	1.0173	0.91574	0.59969
HCC1500	Volasertib/BI6727	PLK	Cell cycle	0.011403	0.1949	5	0.9849	0.36867
HCC1500	Dinaciclib/SCH727965	pan CDK	Cell cycle	0.013931	-0.5609	2.4401	0.9978	0.65526
HCC1500	Cisplatin	Chemo	Chemotherapy	1.7309	-0.19114	2.1405	0.96007	0.22617
HCC1500	Doxorubicin	Chemo	Chemotherapy	0.01236	-0.73475	0.72273	0.97955	0.78752
HCC1500	Paclitaxel	Chemo	Chemotherapy	0.0054829	-0.018024	1.5024	0.95361	0.55937
HCC1500	Topotecan	Topo I	Chemotherapy	0.00071436	-0.84705	0.55231	0.99298	1.4531
HCC1500	Etoposide	Topo II	Chemotherapy	0.25494	-0.36149	0.92003	0.96012	0.50714
HCC1500	Dasatinib	BCR/ABL	MAPK/nRTK	0.004484	-0.1444	0.72321	0.99518	0.88951
HCC1500	Trametinib/GSK1120212	MEK	MAPK/nRTK	0.1316	0.33443	1.0126	0.99077	0.21802
HCC1500	Saracatinib/AZD0530	SRC	MAPK/nRTK	0.43348	-0.16497	0.5232	0.9722	0.38652
HCC1500	ABT-737	Bcl2/XL	Misc	0.0087247	-0.75277	0.90128	0.99561	1.1286
HCC1500	Vorinostat	HDAC	Misc	1.0012	-0.4942	1.3102	0.99542	0.303
HCC1500	Luminespib/NVP-AUY922	HSP90	Misc	0.0078631	-0.14724	5	0.99587	0.57557
HCC1500	A-1210477	Mcl-1	Misc	13.877	0.82742	5	0.60003	-0.029323
HCC1500	Olaparib/AZD2281	PARP	Misc	5.4873	0.20661	1.0553	0.94766	0.11216
HCC1500	Bleomycin	Radiation	Misc	0.56345	-0.21582	0.71973	0.96785	0.37355
HCC1500	Ipatasertib/GDC0068	AKT	PI3K/mTOR	Inf	1.025	0	-0.58096	-0.028491
HCC1500	Alpelisib/BYL719	PI3Ka	PI3K/mTOR	11.0076	0.53794	1.0978	0.91407	0.035175
HCC1500	Taselisib/GDC0032	PI3Ka, g, d	PI3K/mTOR	1.6455	-0.22389	0.8089	0.97324	0.2472
HCC1500	TGX221	PI3Kb	PI3K/mTOR	8.77	0.45836	0.83624	0.79933	0.093355
HCC1500	Torin2	mTOR/ATM/ATR	PI3K/mTOR	0.0016388	-0.40319	1.5037	0.98941	0.86945
HCC1500	Everolimus	mTOR1	PI3K/mTOR	Inf	-0.28771	0	0.41012	1.2375
HCC1500	INK128/MLN0128	mTORC1/2	PI3K/mTOR	0.00071622	-0.42269	1.2944	0.98845	1.2091
HCC1500	PF-4708671	p70S6K	PI3K/mTOR	1.5614	0.0015679	1.0631	0.99118	0.20491
HCC1500	Buparlisib/NVP-BKM120	pan PI3K	PI3K/mTOR	0.1946	-0.50058	0.90119	0.99204	0.5358
HCC1500	Pictilisib/GDC0941	pan PI3K	PI3K/mTOR	2.0994	-0.15616	0.8458	0.97087	0.21695
HCC1500	Ceritinib/LDK378	ALK	RTK	1.2435	-0.91196	1.4251	0.97551	0.30774
HCC1500	Neratinib/HKI272	EGFR/HER2	RTK	0.78388	-0.2709	1.1855	0.9956	0.17825
HCC1500	Tivantinib/ARQ197	MET	RTK	0.1295	-0.33964	1.6776	0.96591	0.48939
HCC1500	Cediranib/AZD2171	VEGFR/cKIT	RTK	3.5399	-0.81834	3.2211	0.98755	0.15076
HCC1500	Cabozantinib	VEGFR2/MET	RTK	4.3718	0.11833	5	0.9741	0.066562
HCC1937	Abemaciclib/LY2835219	CDK4/6	Cell cycle	5.0404	0.33586	0.97656	0.98318	0.1059
HCC1937	Palbociclib/PD0332991	CDK4/6	Cell cycle	Inf	1.05	0	-4.439	-0.040176
HCC1937	AZD7762	CHK1/2	Cell cycle	0.31624	-0.11928	1.056	0.97628	0.36367
HCC1937	Volasertib/BI6727	PLK	Cell cycle	0.013596	-0.00073575	1.7463	0.99309	0.43258
HCC1937	Dinaciclib/SCH727965	pan CDK	Cell cycle	0.023117	-0.13602	5	0.99762	0.44646
HCC1937	Cisplatin	Chemo	Chemotherapy	1.5257	0.14634	0.45685	0.98608	0.27614
HCC1937	Doxorubicin	Chemo	Chemotherapy	0.095441	-0.0727	0.36111	0.89148	0.42272
HCC1937	Paclitaxel	Chemo	Chemotherapy	0.0029168	0.33427	2.6215	0.97923	0.47917
HCC1937	Topotecan	Topo I	Chemotherapy	0.044023	-0.25241	0.5812	0.9413	0.67167
HCC1937	Etoposide	Topo II	Chemotherapy	1.055	0.11641	0.51247	0.96277	0.29324
HCC1937	Dasatinib	BCR/ABL	MAPK/nRTK	0.12952	0.19211	2.0086	0.99392	0.38119
HCC1937	Trametinib/GSK1120212	MEK	MAPK/nRTK	Inf	0.7542	1.3132	0.97298	0.1091
HCC1937	Saracatinib/AZD0530	SRC	MAPK/nRTK	Inf	0.70253	2.9525	0.96426	0.025518
HCC1937	ABT-737	Bcl2/XL	Misc	8.6114	0.44749	1.2593	0.97258	0.049645
HCC1937	Vorinostat	HDAC	Misc	1.9689	0.045051	1.538	0.99479	0.18534
HCC1937	Luminespib/NVP-AUY922	HSP90	Misc	0.012581	0.10857	4.9997	0.99867	0.41321
HCC1937	A-1210477	Mcl-1	Misc	Inf	0.7285	3.2459	0.96448	0.006294
HCC1937	Olaparib/AZD2281	PARP	Misc	30.5723	0.7178	0.6628	0.96696	0.050122
HCC1937	Bleomycin	Radiation	Misc	0.35435	0.39834	1.1756	0.98734	0.31502
HCC1937	Ipatasertib/GDC0068	AKT	PI3K/mTOR	Inf	0.54239	1.0348	0.97363	0.15486
HCC1937	Alpelisib/BYL719	PI3Ka	PI3K/mTOR	19.0473	0.66194	0.81342	0.94545	0.048167
HCC1937	Taselisib/GDC0032	PI3Ka, g, d	PI3K/mTOR	1.4032	0.15731	0.52466	0.99187	0.26382
HCC1937	TGX221	PI3Kb	PI3K/mTOR	Inf	0.8503	0.66136	0.72263	0.016077
HCC1937	Torin2	mTOR/ATM/ATR	PI3K/mTOR	0.12903	0.19732	0.58174	0.97147	0.25897
HCC1937	Everolimus	mTOR1	PI3K/mTOR	Inf	0.64067	0.38263	0.9443	0.32287
HCC1937	INK128/MLN0128	mTORC1/2	PI3K/mTOR	0.060451	0.37726	0.99219	0.9922	0.36064
HCC1937	PF-4708671	p70S6K	PI3K/mTOR	Inf	0.76657	0.62067	0.89428	0.039523
HCC1937	Buparlisib/NVP-BKM120	pan PI3K	PI3K/mTOR	1.7464	-0.057474	0.96835	0.9951	0.23295
HCC1937	Pictilisib/GDC0941	pan PI3K	PI3K/mTOR	2.612	0.29325	0.60268	0.98929	0.20473
HCC1937	Ceritinib/LDK378	ALK	RTK	3.6542	-0.523	2.2369	0.99591	0.13126
HCC1937	Neratinib/HKI272	EGFR/HER2	RTK	1.7329	0.34227	0.52901	0.97549	0.15716
HCC1937	Tivantinib/ARQ197	MET	RTK	0.75802	0.097312	2.1747	0.99328	0.24054
HCC1937	Cediranib/AZD2171	VEGFR/cKIT	RTK	9.0997	0.36975	4.827	0.99143	0.029689
HCC1937	Cabozantinib	VEGFR2/MET	RTK	15.1256	0.78385	5	0.93926	0.0021663
HCC1954	Abemaciclib/LY2835219	CDK4/6	Cell cycle	0.29746	-0.16708	0.37487	0.97654	0.44279
HCC1954	Palbociclib/PD0332991	CDK4/6	Cell cycle	Inf	0.51581	1.2143	0.97337	0.18965
HCC1954	AZD7762	CHK1/2	Cell cycle	0.281	-0.087655	1.2399	0.98307	0.37083
HCC1954	Volasertib/BI6727	PLK	Cell cycle	0.0086753	0.098622	3.585	0.99042	0.42088
HCC1954	Dinaciclib/SCH727965	pan CDK	Cell cycle	0.014352	-0.1412	3.0199	0.99627	0.48545
HCC1954	Cisplatin	Chemo	Chemotherapy	1.4601	0.088801	1.2185	0.96881	0.2406
HCC1954	Doxorubicin	Chemo	Chemotherapy	0.010431	-0.092757	1.5293	0.9705	0.59604
HCC1954	Paclitaxel	Chemo	Chemotherapy	0.0041954	0.097968	1.8081	0.98413	0.52912
HCC1954	Topotecan	Topo I	Chemotherapy	0.018902	-0.060402	0.71575	0.93116	0.67127
HCC1954	Etoposide	Topo II	Chemotherapy	0.31462	0.057439	0.96788	0.98001	0.37136
HCC1954	Dasatinib	BCR/ABL	MAPK/nRTK	4.3938	0.42693	0.83666	0.96762	0.16466
HCC1954	Trametinib/GSK1120212	MEK	MAPK/nRTK	0.019898	0.28183	0.86279	0.99909	0.37923
HCC1954	Saracatinib/AZD0530	SRC	MAPK/nRTK	2.4864	0.25164	0.91212	0.9887	0.16989
HCC1954	ABT-737	Bcl2/XL	Misc	15.0572	0.69478	1.6718	0.87101	-0.0027516
HCC1954	Vorinostat	HDAC	Misc	1.7103	-0.011986	1.1879	0.99678	0.20656
HCC1954	Luminespib/NVP-AUY922	HSP90	Misc	0.011911	0.066313	3.1115	0.99325	0.42113
HCC1954	A-1210477	Mcl-1	Misc	Inf	0.93221	0	-0.12684	-0.031249
HCC1954	Olaparib/AZD2281	PARP	Misc	13.1583	0.55903	1.2256	0.95621	0.048561
HCC1954	Bleomycin	Radiation	Misc	0.094084	0.19834	0.83108	0.96792	0.46587
HCC1954	Ipatasertib/GDC0068	AKT	PI3K/mTOR	1.476	0.29422	0.94813	0.98793	0.2128
HCC1954	Alpelisib/BYL719	PI3Ka	PI3K/mTOR	1.3607	-0.078314	0.9008	0.99072	0.23305
HCC1954	Taselisib/GDC0032	PI3Ka, g, d	PI3K/mTOR	0.0078349	-0.086356	1.2812	0.98696	0.76227
HCC1954	TGX221	PI3Kb	PI3K/mTOR	Inf	0.96593	0	-1.1738	-0.037323
HCC1954	Torin2	mTOR/ATM/ATR	PI3K/mTOR	0.0096427	-0.057756	0.93805	0.98698	0.49079
HCC1954	Everolimus	mTOR1	PI3K/mTOR	Inf	0.37626	0	0.34577	0.61002
HCC1954	INK128/MLN0128	mTORC1/2	PI3K/mTOR	0.015341	0.080946	1.4789	0.9961	0.51462
HCC1954	PF-4708671	p70S6K	PI3K/mTOR	Inf	0.83801	1.484	0.66159	-0.0093963
HCC1954	Buparlisib/NVP-BKM120	pan PI3K	PI3K/mTOR	0.62487	-0.1568	1.4881	0.99624	0.31176
HCC1954	Pictilisib/GDC0941	pan PI3K	PI3K/mTOR	1.0545	-0.0020275	0.87689	0.9961	0.27732
HCC1954	Ceritinib/LDK378	ALK	RTK	2.4208	-0.41165	2.3304	0.99348	0.15861
HCC1954	Neratinib/HKI272	EGFR/HER2	RTK	0.061567	0.19078	0.89008	0.98515	0.37807
HCC1954	Tivantinib/ARQ197	MET	RTK	0.24039	-0.027499	1.43	0.99437	0.40723
HCC1954	Cediranib/AZD2171	VEGFR/cKIT	RTK	4.2437	-0.16379	4.7493	0.9916	0.065895
HCC1954	Cabozantinib	VEGFR2/MET	RTK	11.2072	0.66917	5	0.85461	-0.013803
CAL120	Abemaciclib/LY2835219	CDK4/6	Cell cycle	0.30901	-0.057652	0.34586	0.94197	0.45005
CAL120	Palbociclib/PD0332991	CDK4/6	Cell cycle	Inf	0.66398	1.396	0.96453	0.14479
CAL120	AZD7762	CHK1/2	Cell cycle	0.20846	-0.29053	1.1178	0.97849	0.44571
CAL120	Volasertib/BI6727	PLK	Cell cycle	0.0022533	0.28914	2.5514	0.98675	0.50252
CAL120	Dinaciclib/SCH727965	pan CDK	Cell cycle	0.010796	-0.037538	3.6028	0.99906	0.49884
CAL120	Cisplatin	Chemo	Chemotherapy	3.1197	0.20744	0.90458	0.98964	0.17689
CAL120	Doxorubicin	Chemo	Chemotherapy	0.012238	-0.20548	1.3817	0.99257	0.65196
CAL120	Paclitaxel	Chemo	Chemotherapy	0.0035472	0.044227	3.1787	0.97297	0.5739
CAL120	Topotecan	Topo I	Chemotherapy	0.0078478	-0.26619	1.2627	0.98787	0.87638
CAL120	Etoposide	Topo II	Chemotherapy	0.58357	-0.14287	1.1676	0.99755	0.35464
CAL120	Dasatinib	BCR/ABL	MAPK/nRTK	0.054884	0.22494	1.2399	0.96903	0.49017
CAL120	Trametinib/GSK1120212	MEK	MAPK/nRTK	0.055624	0.43409	1.3284	0.98242	0.28496
CAL120	Saracatinib/AZD0530	SRC	MAPK/nRTK	23.4698	0.5459	0.36521	0.95914	0.16859
CAL120	ABT-737	Bcl2/XL	Misc	2.6045	-0.24896	1.5702	0.99696	0.16371
CAL120	Vorinostat	HDAC	Misc	1.5449	-0.14497	1.234	0.99368	0.21929
CAL120	Luminespib/NVP-AUY922	HSP90	Misc	0.0032044	-0.0063542	1.3914	0.994	0.61867
CAL120	A-1210477	Mcl-1	Misc	Inf	0.94696	0	0.29213	0.01501
CAL120	Olaparib/AZD2281	PARP	Misc	5.6564	0.31229	0.70066	0.97903	0.1381
CAL120	Bleomycin	Radiation	Misc	2.3988	0.17083	0.73001	0.99761	0.20268
CAL120	Ipatasertib/GDC0068	AKT	PI3K/mTOR	58.5484	0.58935	0.44994	0.96422	0.13566
CAL120	Alpelisib/BYL719	PI3Ka	PI3K/mTOR	20.35	0.59687	0.4917	0.94092	0.096288
CAL120	Taselisib/GDC0032	PI3Ka, g, d	PI3K/mTOR	2.5789	0.17571	0.45825	0.9583	0.23747
CAL120	TGX221	PI3Kb	PI3K/mTOR	Inf	1.0167	0	-0.29891	-0.014087
CAL120	Torin2	mTOR/ATM/ATR	PI3K/mTOR	0.010017	0.073586	1.3354	0.99783	0.47776
CAL120	Everolimus	mTOR1	PI3K/mTOR	Inf	0.51893	0.23091	0.83097	0.42894
CAL120	INK128/MLN0128	mTORC1/2	PI3K/mTOR	0.011042	0.032514	1.3358	0.99751	0.59162
CAL120	PF-4708671	p70S6K	PI3K/mTOR	Inf	0.91889	0	0.44939	0.014433
CAL120	Buparlisib/NVP-BKM120	pan PI3K	PI3K/mTOR	0.81497	-0.10997	0.82389	0.99716	0.30447
CAL120	Pictilisib/GDC0941	pan PI3K	PI3K/mTOR	2.1458	0.23325	0.38164	0.99542	0.25765
CAL120	Ceritinib/LDK378	ALK	RTK	0.94112	-0.38013	0.86966	0.9881	0.31392
CAL120	Neratinib/HKI272	EGFR/HER2	RTK	0.58332	0.0048424	0.92719	0.99062	0.20765
CAL120	Tivantinib/ARQ197	MET	RTK	0.33335	-0.11864	0.89376	0.99594	0.39654
CAL120	Cediranib/AZD2171	VEGFR/cKIT	RTK	1.0996	-0.066012	0.5754	0.99025	0.28919
CAL120	Cabozantinib	VEGFR2/MET	RTK	7.4097	0.2811	1.7282	0.97946	0.086789
CAL851	Abemaciclib/LY2835219	CDK4/6	Cell cycle	1.4402	-0.093856	1.9877	0.99143	0.20942
CAL851	Palbociclib/PD0332991	CDK4/6	Cell cycle	Inf	1.05	0	-6.3282	-0.043069
CAL851	AZD7762	CHK1/2	Cell cycle	0.078736	-0.15529	1.33	0.98598	0.53415
CAL851	Volasertib/BI6727	PLK	Cell cycle	0.0044459	-0.17638	1.6422	0.99158	0.61415
CAL851	Dinaciclib/SCH727965	pan CDK	Cell cycle	0.0056044	-0.12785	1.9908	0.99697	0.61328
CAL851	Cisplatin	Chemo	Chemotherapy	1.2973	0.17745	1.5131	0.98854	0.19076
CAL851	Doxorubicin	Chemo	Chemotherapy	0.0075459	-0.28382	1.1536	0.99252	0.74527
CAL851	Paclitaxel	Chemo	Chemotherapy	0.0043313	0.094709	2.1121	0.93183	0.48433
CAL851	Topotecan	Topo I	Chemotherapy	0.018663	-0.12322	1.2098	0.98817	0.71964
CAL851	Etoposide	Topo II	Chemotherapy	0.51299	-0.07274	1.2795	0.99838	0.34946
CAL851	Dasatinib	BCR/ABL	MAPK/nRTK	0.15892	0.115	2.2132	0.99072	0.39825
CAL851	Trametinib/GSK1120212	MEK	MAPK/nRTK	0.025946	0.38454	0.97685	0.98558	0.33768
CAL851	Saracatinib/AZD0530	SRC	MAPK/nRTK	1.3595	0.30797	2.1343	0.98052	0.15313
CAL851	ABT-737	Bcl2/XL	Misc	Inf	0.95271	0	-1.5272	-0.036544
CAL851	Vorinostat	HDAC	Misc	1.2383	-0.11108	1.9324	0.98747	0.20629
CAL851	Luminespib/NVP-AUY922	HSP90	Misc	0.0069067	-0.038118	4.7165	0.99899	0.5578
CAL851	A-1210477	Mcl-1	Misc	Inf	1.0265	0	0.076112	0.0024536
CAL851	Olaparib/AZD2281	PARP	Misc	8.7788	0.4773	0.91629	0.97529	0.11329
CAL851	Bleomycin	Radiation	Misc	0.86132	0.064633	0.60084	0.9889	0.31129
CAL851	Ipatasertib/GDC0068	AKT	PI3K/mTOR	Inf	0.48205	1.3487	0.96875	0.16578
CAL851	Alpelisib/BYL719	PI3Ka	PI3K/mTOR	4.0899	0.32523	0.45151	0.96507	0.18679
CAL851	Taselisib/GDC0032	PI3Ka, g, d	PI3K/mTOR	0.066947	0.078805	0.46831	0.97571	0.51957
CAL851	TGX221	PI3Kb	PI3K/mTOR	Inf	1.0001	0	-1.3767	-0.03277
CAL851	Torin2	mTOR/ATM/ATR	PI3K/mTOR	0.010202	-0.04679	0.92447	0.98987	0.49162
CAL851	Everolimus	mTOR1	PI3K/mTOR	0.0023359	0.44409	5	0.87091	0.50083
CAL851	INK128/MLN0128	mTORC1/2	PI3K/mTOR	0.010301	0.078334	1.2697	0.99842	0.58491
CAL851	PF-4708671	p70S6K	PI3K/mTOR	Inf	1.0339	0	-1.21	-0.028338
CAL851	Buparlisib/NVP-BKM120	pan PI3K	PI3K/mTOR	0.47653	-0.12074	0.80021	0.99808	0.36355
CAL851	Pictilisib/GDC0941	pan PI3K	PI3K/mTOR	0.81348	0.10453	0.41189	0.97732	0.33161
CAL851	Ceritinib/LDK378	ALK	RTK	0.82451	-0.49415	0.96128	0.99881	0.347
CAL851	Neratinib/HKI272	EGFR/HER2	RTK	0.043744	0.028941	0.77439	0.97973	0.43908
CAL851	Tivantinib/ARQ197	MET	RTK	0.28026	0.054686	1.7306	0.99521	0.37029
CAL851	Cediranib/AZD2171	VEGFR/cKIT	RTK	2.888	-0.12141	1.0803	0.99576	0.162
CAL851	Cabozantinib	VEGFR2/MET	RTK	6.5992	0.29524	1.1613	0.96766	0.099561
HCC1143	Abemaciclib/LY2835219	CDK4/6	Cell cycle	0.06319	-0.032143	0.57777	0.98305	0.53951
HCC1143	Palbociclib/PD0332991	CDK4/6	Cell cycle	0.25505	0.27213	0.91188	0.9902	0.26107
HCC1143	AZD7762	CHK1/2	Cell cycle	0.069813	-0.17443	1.7381	0.9855	0.55318
HCC1143	Volasertib/BI6727	PLK	Cell cycle	0.0053442	-0.12084	1.9635	0.99884	0.60516
HCC1143	Dinaciclib/SCH727965	pan CDK	Cell cycle	0.015987	-0.15105	5	0.99898	0.49524
HCC1143	Cisplatin	Chemo	Chemotherapy	0.97351	0.12772	1.2294	0.96309	0.28419
HCC1143	Doxorubicin	Chemo	Chemotherapy	0.010446	-0.18352	1.1778	0.9828	0.6532
HCC1143	Paclitaxel	Chemo	Chemotherapy	0.0026897	-0.059992	2.5809	0.99001	0.65007
HCC1143	Topotecan	Topo I	Chemotherapy	0.014108	-0.24859	0.78381	0.92263	0.77098
HCC1143	Etoposide	Topo II	Chemotherapy	0.5277	0.019653	1.922	0.99585	0.32277
HCC1143	Dasatinib	BCR/ABL	MAPK/nRTK	0.74924	0.38102	0.41608	0.95203	0.36208
HCC1143	Trametinib/GSK1120212	MEK	MAPK/nRTK	0.010397	0.15642	0.663	0.98445	0.47036
HCC1143	Saracatinib/AZD0530	SRC	MAPK/nRTK	7.0844	0.46822	0.45488	0.97215	0.20224
HCC1143	ABT-737	Bcl2/XL	Misc	7.0061	0.408	0.8905	0.98099	0.092456
HCC1143	Vorinostat	HDAC	Misc	1.0408	-0.041123	1.8855	0.98957	0.24856
HCC1143	Luminespib/NVP-AUY922	HSP90	Misc	0.0041634	-0.068168	3.7187	0.99371	0.62305
HCC1143	A-1210477	Mcl-1	Misc	16.8526	0.68032	1.0843	0.7921	0.063686
HCC1143	Olaparib/AZD2281	PARP	Misc	11.181	0.52531	0.72082	0.97985	0.081331
HCC1143	Bleomycin	Radiation	Misc	0.064849	-0.00084871	1.1262	0.99583	0.55749
HCC1143	Ipatasertib/GDC0068	AKT	PI3K/mTOR	71.1374	0.74903	0.45063	0.82259	0.065798
HCC1143	Alpelisib/BYL719	PI3Ka	PI3K/mTOR	13.1536	0.51851	0.35186	0.9253	0.16249
HCC1143	Taselisib/GDC0032	PI3Ka, g, d	PI3K/mTOR	0.32103	0.017459	0.31982	0.99173	0.43255
HCC1143	TGX221	PI3Kb	PI3K/mTOR	Inf	0.93338	4.9666	0.72191	0.028356
HCC1143	Torin2	mTOR/ATM/ATR	PI3K/mTOR	0.063104	-0.035741	0.90458	0.98909	0.31055
HCC1143	Everolimus	mTOR1	PI3K/mTOR	Inf	0.58818	0.10082	0.73332	0.31977
HCC1143	INK128/MLN0128	mTORC1/2	PI3K/mTOR	0.052184	0.14022	0.68617	0.9896	0.43278
HCC1143	PF-4708671	p70S6K	PI3K/mTOR	Inf	0.75814	0.60144	0.95127	0.060276
HCC1143	Buparlisib/NVP-BKM120	pan PI3K	PI3K/mTOR	0.83723	-0.14819	1.21	0.98402	0.3293
HCC1143	Pictilisib/GDC0941	pan PI3K	PI3K/mTOR	1.287	0.026198	0.47009	0.98542	0.29197
HCC1143	Ceritinib/LDK378	ALK	RTK	1.6425	-0.37601	1.079	0.99161	0.26441
HCC1143	Neratinib/HKI272	EGFR/HER2	RTK	1.053	0.25925	0.48225	0.9908	0.20618
HCC1143	Tivantinib/ARQ197	MET	RTK	0.32326	-0.12634	1.8151	0.9961	0.4226
HCC1143	Cediranib/AZD2171	VEGFR/cKIT	RTK	4.2874	0.059486	1.1305	0.98343	0.14833
HCC1143	Cabozantinib	VEGFR2/MET	RTK	12.8411	0.57392	0.92286	0.82714	0.090662
PDXHCI002	Abemaciclib/LY2835219	CDK4/6	Cell cycle	0.045849	-0.59261	0.71423	0.98836	0.75655
PDXHCI002	Palbociclib/PD0332991	CDK4/6	Cell cycle	0.12112	0.2687	1.1836	0.97943	0.28561
PDXHCI002	AZD7762	CHK1/2	Cell cycle	0.080417	-0.53818	0.83546	0.98912	0.6734
PDXHCI002	Volasertib/BI6727	PLK	Cell cycle	0.0038304	-0.50384	4.4164	0.98687	0.7572
PDXHCI002	Dinaciclib/SCH727965	pan CDK	Cell cycle	0.012392	-0.32874	4.5287	0.99724	0.58615
PDXHCI002	Cisplatin	Chemo	Chemotherapy	1.2108	-0.18633	1.1674	0.99362	0.26304
PDXHCI002	Doxorubicin	Chemo	Chemotherapy	0.0040566	-0.60456	0.93155	0.98425	0.95631
PDXHCI002	Paclitaxel	Chemo	Chemotherapy	0.0024866	-0.37328	2.6439	0.99042	0.84295
PDXHCI002	Topotecan	Topo I	Chemotherapy	0.0049003	-0.58379	1.0567	0.97772	1.0891
PDXHCI002	Etoposide	Topo II	Chemotherapy	0.11669	-0.26871	1.0234	0.99356	0.57487
PDXHCI002	Dasatinib	BCR/ABL	MAPK/nRTK	0.65427	0.082583	0.40465	0.94953	0.35167
PDXHCI002	Trametinib/GSK1120212	MEK	MAPK/nRTK	Inf	0.6565	1.2326	0.98715	0.1929
PDXHCI002	Saracatinib/AZD0530	SRC	MAPK/nRTK	0.097639	0.044806	0.68022	0.98411	0.48221
PDXHCI002	ABT-737	Bcl2/XL	Misc	5.9135	0.178	1.3948	0.97754	0.063927
PDXHCI002	Vorinostat	HDAC	Misc	0.299	-0.52445	1.5964	0.9919	0.52107
PDXHCI002	Luminespib/NVP-AUY922	HSP90	Misc	0.0044754	-0.25483	3.6027	0.99748	0.6941
PDXHCI002	A-1210477	Mcl-1	Misc	Inf	0.98162	0	-2.3153	-0.038738
PDXHCI002	Olaparib/AZD2281	PARP	Misc	4.2142	0.29316	0.55032	0.98851	0.16562
PDXHCI002	Bleomycin	Radiation	Misc	0.67835	-0.20812	0.74403	0.99286	0.34805
PDXHCI002	Ipatasertib/GDC0068	AKT	PI3K/mTOR	Inf	1.05	0	-39.0204	-0.048493
PDXHCI002	Alpelisib/BYL719	PI3Ka	PI3K/mTOR	55.6762	0.65903	0.75318	0.91689	0.054358
PDXHCI002	Taselisib/GDC0032	PI3Ka, g, d	PI3K/mTOR	0.75132	-0.099888	0.41434	0.95528	0.35032
PDXHCI002	TGX221	PI3Kb	PI3K/mTOR	Inf	0.85968	4.9945	0.60382	-0.021053
PDXHCI002	Torin2	mTOR/ATM/ATR	PI3K/mTOR	0.13069	-0.089155	1.3705	0.97347	0.20021
PDXHCI002	Everolimus	mTOR1	PI3K/mTOR	Inf	0.97201	0	-2.46	-0.042976
PDXHCI002	INK128/MLN0128	mTORC1/2	PI3K/mTOR	0.22324	0.25452	1.3447	0.97596	0.22728
PDXHCI002	PF-4708671	p70S6K	PI3K/mTOR	Inf	0.87787	0	0.44029	-0.026795
PDXHCI002	Buparlisib/NVP-BKM120	pan PI3K	PI3K/mTOR	1.4624	-0.33843	3.3826	0.99406	0.22217
PDXHCI002	Pictilisib/GDC0941	pan PI3K	PI3K/mTOR	2.5857	0.04081	0.66205	0.96708	0.19733
PDXHCI002	Ceritinib/LDK378	ALK	RTK	0.34603	-0.55301	1.5362	0.99645	0.47963
PDXHCI002	Neratinib/HKI272	EGFR/HER2	RTK	0.18239	-0.09951	0.5277	0.97262	0.3482
PDXHCI002	Tivantinib/ARQ197	MET	RTK	0.24536	-0.30161	2.6722	0.99787	0.47884
PDXHCI002	Cediranib/AZD2171	VEGFR/cKIT	RTK	1.5951	-0.3831	0.97711	0.9879	0.24538
PDXHCI002	Cabozantinib	VEGFR2/MET	RTK	7.5205	0.25683	2.0116	0.98164	0.03834
SUM149	Abemaciclib/LY2835219	CDK4/6	Cell cycle	0.56349	0.099539	0.46059	0.96442	0.3479
SUM149	Palbociclib/PD0332991	CDK4/6	Cell cycle	12.6111	0.47736	1.0364	0.98411	0.19545
SUM149	AZD7762	CHK1/2	Cell cycle	0.086685	-0.32932	1.9202	0.98862	0.58237
SUM149	Volasertib/BI6727	PLK	Cell cycle	0.012905	-0.19041	2.32	0.99779	0.52189
SUM149	Dinaciclib/SCH727965	pan CDK	Cell cycle	0.01401	-0.26769	3.7433	0.99908	0.55136
SUM149	Cisplatin	Chemo	Chemotherapy	0.70194	-0.097033	0.90816	0.99674	0.32026
SUM149	Doxorubicin	Chemo	Chemotherapy	0.0091954	-0.21712	1.392	0.9882	0.70859
SUM149	Paclitaxel	Chemo	Chemotherapy	0.0018249	-0.090675	2.6964	0.98975	0.71387
SUM149	Topotecan	Topo I	Chemotherapy	0.0067993	-0.28262	0.93892	0.95164	0.8513
SUM149	Etoposide	Topo II	Chemotherapy	0.14695	-0.072493	1.2824	0.99912	0.47986
SUM149	Dasatinib	BCR/ABL	MAPK/nRTK	0.11113	-0.094486	0.86738	0.98244	0.4872
SUM149	Trametinib/GSK1120212	MEK	MAPK/nRTK	0.010926	0.24419	1.4437	0.99397	0.39619
SUM149	Saracatinib/AZD0530	SRC	MAPK/nRTK	2.4871	0.20779	1.5937	0.98591	0.13525
SUM149	ABT-737	Bcl2/XL	Misc	4.6096	0.036299	1.3154	0.99792	0.11405
SUM149	Vorinostat	HDAC	Misc	1.3494	-0.060309	1.585	0.99928	0.22581
SUM149	Luminespib/NVP-AUY922	HSP90	Misc	0.0050491	-0.17696	2.881	0.99933	0.65368
SUM149	A-1210477	Mcl-1	Misc	6.3295	0.39928	4.493	0.98985	0.035805
SUM149	Olaparib/AZD2281	PARP	Misc	5.2977	0.32085	0.55393	0.96513	0.16668
SUM149	Bleomycin	Radiation	Misc	0.046022	-0.19034	0.96237	0.99536	0.62877
SUM149	Ipatasertib/GDC0068	AKT	PI3K/mTOR	4.531	0.28919	0.91157	0.99781	0.12724
SUM149	Alpelisib/BYL719	PI3Ka	PI3K/mTOR	Inf	0.84394	0.55517	0.82585	0.038907
SUM149	Taselisib/GDC0032	PI3Ka, g, d	PI3K/mTOR	2.6352	-0.0060445	0.79359	0.9935	0.19624
SUM149	TGX221	PI3Kb	PI3K/mTOR	Inf	1.0164	0	-3.9994	-0.021598
SUM149	Torin2	mTOR/ATM/ATR	PI3K/mTOR	0.14114	0.091155	0.61854	0.99278	0.25047
SUM149	Everolimus	mTOR1	PI3K/mTOR	Inf	0.73753	0.19203	0.67349	0.19982
SUM149	INK128/MLN0128	mTORC1/2	PI3K/mTOR	0.15497	0.26643	0.70295	0.98878	0.32195
SUM149	PF-4708671	p70S6K	PI3K/mTOR	23.0203	0.74824	1.0276	0.94722	0.021926
SUM149	Buparlisib/NVP-BKM120	pan PI3K	PI3K/mTOR	1.552	-0.17185	1.7748	0.99909	0.22449
SUM149	Pictilisib/GDC0941	pan PI3K	PI3K/mTOR	5.7117	0.33046	0.69734	0.99013	0.12512
SUM149	Ceritinib/LDK378	ALK	RTK	1.7455	-0.38856	2.0702	0.99773	0.24127
SUM149	Neratinib/HKI272	EGFR/HER2	RTK	0.065626	0.15783	1.3012	0.99483	0.36449
SUM149	Tivantinib/ARQ197	MET	RTK	0.30822	-0.11763	2.1283	0.9989	0.40284
SUM149	Cediranib/AZD2171	VEGFR/cKIT	RTK	5.6616	0.083684	2.6385	0.99012	0.055571
SUM149	Cabozantinib	VEGFR2/MET	RTK	5.9056	0.32937	4.9258	0.9913	0.034098
T47D	Abemaciclib/LY2835219	CDK4/6	Cell cycle	0.0041319	-0.014897	1.4011	0.97082	0.77062
T47D	Palbociclib/PD0332991	CDK4/6	Cell cycle	0.027061	0.10769	1.5427	0.99256	0.45518
T47D	AZD7762	CHK1/2	Cell cycle	2.4561	-0.034719	2.7067	0.98814	0.12523
T47D	Volasertib/BI6727	PLK	Cell cycle	0.033907	-0.084044	1.7318	0.99287	0.36749
T47D	Dinaciclib/SCH727965	pan CDK	Cell cycle	0.019826	-0.18722	5	0.99473	0.46909
T47D	Cisplatin	Chemo	Chemotherapy	1.5698	0.1	1.2785	0.97964	0.21802
T47D	Doxorubicin	Chemo	Chemotherapy	0.0018782	-0.2807	1.3505	0.97829	0.90611
T47D	Paclitaxel	Chemo	Chemotherapy	0.0095034	0.13787	1.8601	0.98121	0.43891
T47D	Topotecan	Topo I	Chemotherapy	0.0051789	-0.14659	1.3908	0.98908	0.93708
T47D	Etoposide	Topo II	Chemotherapy	0.041627	-0.17494	1.2222	0.98659	0.66333
T47D	Dasatinib	BCR/ABL	MAPK/nRTK	15.359	0.50908	0.27587	0.94604	0.18423
T47D	Trametinib/GSK1120212	MEK	MAPK/nRTK	Inf	0.57814	0.99697	0.90779	0.21397
T47D	Saracatinib/AZD0530	SRC	MAPK/nRTK	4.3274	0.40957	0.71571	0.97431	0.16889
T47D	ABT-737	Bcl2/XL	Misc	13.2196	0.60726	2.4294	0.9173	-0.00052874
T47D	Vorinostat	HDAC	Misc	1.8169	-0.041256	2.4777	0.99058	0.16164
T47D	Luminespib/NVP-AUY922	HSP90	Misc	0.0060531	0.032818	4.6588	0.99493	0.51164
T47D	A-1210477	Mcl-1	Misc	Inf	0.57679	5	0.96185	0.022325
T47D	Olaparib/AZD2281	PARP	Misc	Inf	0.53419	4.9764	0.9568	0.030601
T47D	Bleomycin	Radiation	Misc	0.19948	-0.089333	0.95086	0.98079	0.46237
T47D	Ipatasertib/GDC0068	AKT	PI3K/mTOR	0.13386	0.12765	1.0875	0.99484	0.43325
T47D	Alpelisib/BYL719	PI3Ka	PI3K/mTOR	0.15154	-0.029265	0.79323	0.98924	0.45661
T47D	Taselisib/GDC0032	PI3Ka, g, d	PI3K/mTOR	0.0017729	-0.074527	1.236	0.97861	0.89253
T47D	TGX221	PI3Kb	PI3K/mTOR	Inf	0.79831	2.205	0.78925	-0.0062146
T47D	Torin2	mTOR/ATM/ATR	PI3K/mTOR	0.0059416	0.017692	1.4413	0.99425	0.52413
T47D	Everolimus	mTOR1	PI3K/mTOR	-Inf	0.29507	0.1	0.77023	0.61829
T47D	INK128/MLN0128	mTORC1/2	PI3K/mTOR	0.0051983	-0.036311	1.4819	0.99753	0.6894
T47D	PF-4708671	p70S6K	PI3K/mTOR	3.7613	0.36505	1.0595	0.98171	0.12823
T47D	Buparlisib/NVP-BKM120	pan PI3K	PI3K/mTOR	0.24256	-0.3171	0.77719	0.99459	0.46355
T47D	Pictilisib/GDC0941	pan PI3K	PI3K/mTOR	0.14065	-0.046505	0.80439	0.99678	0.47118
T47D	Ceritinib/LDK378	ALK	RTK	1.4575	-0.63749	1.2566	0.98532	0.29363
T47D	Neratinib/HKI272	EGFR/HER2	RTK	0.41347	0.19321	0.5008	0.98792	0.27546
T47D	Tivantinib/ARQ197	MET	RTK	0.51728	0.0081102	2.0689	0.98722	0.28312
T47D	Cediranib/AZD2171	VEGFR/cKIT	RTK	4.143	-0.58417	2.7571	0.99482	0.12086
T47D	Cabozantinib	VEGFR2/MET	RTK	8.0539	0.32865	1.9138	0.99302	0.054887
CAMA1	Abemaciclib/LY2835219	CDK4/6	Cell cycle	0.0076084	0.21513	1.3499	0.98026	0.62005
CAMA1	Palbociclib/PD0332991	CDK4/6	Cell cycle	0.071148	0.26851	1.1873	0.99241	0.35775
CAMA1	AZD7762	CHK1/2	Cell cycle	0.26719	-0.073468	1.0909	0.99426	0.40915
CAMA1	Volasertib/BI6727	PLK	Cell cycle	0.0078908	-0.20257	3.1199	0.98864	0.63805
CAMA1	Dinaciclib/SCH727965	pan CDK	Cell cycle	0.014635	-0.3963	2.1428	0.99803	0.57682
CAMA1	Cisplatin	Chemo	Chemotherapy	0.92016	0.0033337	0.47282	0.95312	0.33418
CAMA1	Doxorubicin	Chemo	Chemotherapy	0.0074993	-0.62434	0.75101	0.95526	0.8215
CAMA1	Paclitaxel	Chemo	Chemotherapy	0.0024213	-0.39321	2.4326	0.9943	0.87575
CAMA1	Topotecan	Topo I	Chemotherapy	0.003252	-0.38585	1.1549	0.97195	1.043
CAMA1	Etoposide	Topo II	Chemotherapy	0.15684	-0.41968	1.376	0.99522	0.56564
CAMA1	Dasatinib	BCR/ABL	MAPK/nRTK	Inf	0.68376	0.2039	0.92029	0.14813
CAMA1	Trametinib/GSK1120212	MEK	MAPK/nRTK	4.9833	0.54794	0.54399	0.97514	0.17107
CAMA1	Saracatinib/AZD0530	SRC	MAPK/nRTK	Inf	0.77565	1.3712	0.87222	0.026531
CAMA1	ABT-737	Bcl2/XL	Misc	Inf	0.86847	4.9995	0.73224	-0.00063472
CAMA1	Vorinostat	HDAC	Misc	0.91449	-0.33754	1.5782	0.98145	0.35957
CAMA1	Luminespib/NVP-AUY922	HSP90	Misc	0.0088245	-0.023724	5	0.99812	0.51501
CAMA1	A-1210477	Mcl-1	Misc	Inf	0.87739	0	0.4714	-0.0015182
CAMA1	Olaparib/AZD2281	PARP	Misc	14.5854	0.68373	1.5397	0.85931	0.049086
CAMA1	Bleomycin	Radiation	Misc	1.7197	-0.017465	0.63938	0.95171	0.27078
CAMA1	Ipatasertib/GDC0068	AKT	PI3K/mTOR	0.32929	-0.1689	0.81952	0.98809	0.40606
CAMA1	Alpelisib/BYL719	PI3Ka	PI3K/mTOR	Inf	0.98004	0	-0.039781	0.0073493
CAMA1	Taselisib/GDC0032	PI3Ka, g, d	PI3K/mTOR	1.8065	-0.1181	0.76591	0.98768	0.24228
CAMA1	TGX221	PI3Kb	PI3K/mTOR	40.5595	0.8495	1.044	0.80576	0.0061657
CAMA1	Torin2	mTOR/ATM/ATR	PI3K/mTOR	0.0088489	-0.11273	1.2382	0.97711	0.50129
CAMA1	Everolimus	mTOR1	PI3K/mTOR	-Inf	0.16386	0.10003	0.60531	0.76784
CAMA1	INK128/MLN0128	mTORC1/2	PI3K/mTOR	0.0095082	-0.063362	1.4491	0.98876	0.62897
CAMA1	PF-4708671	p70S6K	PI3K/mTOR	16.0844	0.66122	1.0551	0.78225	0.059532
CAMA1	Buparlisib/NVP-BKM120	pan PI3K	PI3K/mTOR	1.0291	-0.39505	2.1885	0.98951	0.33911
CAMA1	Pictilisib/GDC0941	pan PI3K	PI3K/mTOR	1.545	-0.18821	0.80669	0.99121	0.26102
CAMA1	Ceritinib/LDK378	ALK	RTK	1.8025	-0.65912	1.5303	0.99706	0.23249
CAMA1	Neratinib/HKI272	EGFR/HER2	RTK	2.9142	0.46306	1.1574	0.99051	0.068213
CAMA1	Tivantinib/ARQ197	MET	RTK	0.29051	-0.47236	1.9806	0.99205	0.48957
CAMA1	Cediranib/AZD2171	VEGFR/cKIT	RTK	5.0364	-0.28225	2.4441	0.99285	0.10729
CAMA1	Cabozantinib	VEGFR2/MET	RTK	8.6978	0.24874	4.9951	0.97921	0.034439
HCC1428	Abemaciclib/LY2835219	CDK4/6	Cell cycle	0.0093442	0.091245	1.0396	0.96986	0.63529
HCC1428	Palbociclib/PD0332991	CDK4/6	Cell cycle	0.073151	0.24398	1.391	0.98701	0.33092
HCC1428	AZD7762	CHK1/2	Cell cycle	0.49887	-0.16489	1.2534	0.98997	0.33683
HCC1428	Volasertib/BI6727	PLK	Cell cycle	0.02393	0.090429	2.0765	0.98451	0.32812
HCC1428	Dinaciclib/SCH727965	pan CDK	Cell cycle	0.017579	-0.56949	2.9426	0.998	0.62516
HCC1428	Cisplatin	Chemo	Chemotherapy	0.90045	0.13224	1.2112	0.97757	0.2649
HCC1428	Doxorubicin	Chemo	Chemotherapy	0.0055807	-0.65511	0.4581	0.94759	0.83471
HCC1428	Paclitaxel	Chemo	Chemotherapy	0.073223	0.34466	2.6694	0.86178	0.26299
HCC1428	Topotecan	Topo I	Chemotherapy	0.012023	-0.18338	0.84475	0.80559	0.78347
HCC1428	Etoposide	Topo II	Chemotherapy	0.22053	0.050594	1.8886	0.97936	0.37304
HCC1428	Dasatinib	BCR/ABL	MAPK/nRTK	Inf	0.61416	0.64914	0.93169	0.23362
HCC1428	Trametinib/GSK1120212	MEK	MAPK/nRTK	Inf	0.80916	5	0.90418	0.076652
HCC1428	Saracatinib/AZD0530	SRC	MAPK/nRTK	Inf	0.684	0.83833	0.92599	0.059561
HCC1428	ABT-737	Bcl2/XL	Misc	5.6288	0.33981	1.0835	0.97877	0.090737
HCC1428	Vorinostat	HDAC	Misc	0.94153	-0.36309	1.1698	0.99171	0.30227
HCC1428	Luminespib/NVP-AUY922	HSP90	Misc	0.0028667	0.095397	5	0.99814	0.57477
HCC1428	A-1210477	Mcl-1	Misc	Inf	0.8196	4.9983	0.69158	-0.021732
HCC1428	Olaparib/AZD2281	PARP	Misc	0.56908	0.13235	0.89311	0.98814	0.31874
HCC1428	Bleomycin	Radiation	Misc	4.834	0.24536	0.77501	0.90562	0.16668
HCC1428	Ipatasertib/GDC0068	AKT	PI3K/mTOR	Inf	0.99092	0	-3.505	-0.039204
HCC1428	Alpelisib/BYL719	PI3Ka	PI3K/mTOR	Inf	0.85683	0	0.42312	0.020826
HCC1428	Taselisib/GDC0032	PI3Ka, g, d	PI3K/mTOR	4.2304	0.18211	0.84906	0.96606	0.14479
HCC1428	TGX221	PI3Kb	PI3K/mTOR	Inf	0.77378	4.9992	0.72594	0.015599
HCC1428	Torin2	mTOR/ATM/ATR	PI3K/mTOR	0.012708	0.039136	1.2862	0.98892	0.43582
HCC1428	Everolimus	mTOR1	PI3K/mTOR	0.032883	0.34944	0.1	0.70325	0.51623
HCC1428	INK128/MLN0128	mTORC1/2	PI3K/mTOR	0.0059337	0.018142	1.1891	0.98733	0.64098
HCC1428	PF-4708671	p70S6K	PI3K/mTOR	Inf	0.86457	0.81321	0.60043	-0.00051517
HCC1428	Buparlisib/NVP-BKM120	pan PI3K	PI3K/mTOR	0.90567	-0.13182	1.5405	0.99145	0.28903
HCC1428	Pictilisib/GDC0941	pan PI3K	PI3K/mTOR	6.9863	0.32818	0.99983	0.88677	0.1056
HCC1428	Ceritinib/LDK378	ALK	RTK	1.3075	-0.80297	1.5236	0.99531	0.28408
HCC1428	Neratinib/HKI272	EGFR/HER2	RTK	1.5489	0.083034	1.4506	0.9915	0.095322
HCC1428	Tivantinib/ARQ197	MET	RTK	0.6193	0.21686	1.2709	0.97717	0.25241
HCC1428	Cediranib/AZD2171	VEGFR/cKIT	RTK	3.1637	-0.45505	1.7484	0.98186	0.18942
HCC1428	Cabozantinib	VEGFR2/MET	RTK	Inf	0.64235	2.5921	0.95087	0.023655
HME1	Abemaciclib/LY2835219	CDK4/6	Cell cycle	0.19156	0.020194	0.64701	0.98593	0.43152
HME1	Palbociclib/PD0332991	CDK4/6	Cell cycle	0.21924	0.25783	0.97595	0.98827	0.26297
HME1	AZD7762	CHK1/2	Cell cycle	0.29305	-0.41434	1.0337	0.98677	0.43419
HME1	Volasertib/BI6727	PLK	Cell cycle	0.017292	-0.014329	3.8078	0.99314	0.39777
HME1	Dinaciclib/SCH727965	pan CDK	Cell cycle	0.012361	-0.2357	4.7097	0.99674	0.53766
HME1	Cisplatin	Chemo	Chemotherapy	1.1331	-0.17124	0.80944	0.9944	0.29346
HME1	Doxorubicin	Chemo	Chemotherapy	0.0049272	-0.3787	0.90658	0.95622	0.80999
HME1	Paclitaxel	Chemo	Chemotherapy	0.0039143	-0.16865	1.3276	0.9839	0.62791
HME1	Topotecan	Topo I	Chemotherapy	0.007486	-0.27682	1.1993	0.95883	0.84818
HME1	Etoposide	Topo II	Chemotherapy	0.13946	-0.34442	1.3257	0.98951	0.53107
HME1	Dasatinib	BCR/ABL	MAPK/nRTK	0.2027	-0.044539	1.177	0.9769	0.39812
HME1	Trametinib/GSK1120212	MEK	MAPK/nRTK	0.0056334	0.20391	2.4498	0.99457	0.44078
HME1	Saracatinib/AZD0530	SRC	MAPK/nRTK	7.2297	0.46291	4.9979	0.94242	0.0029229
HME1	ABT-737	Bcl2/XL	Misc	Inf	0.50521	5	0.96701	0.085242
HME1	Vorinostat	HDAC	Misc	2.9848	0.053361	1.2222	0.99445	0.155
HME1	Luminespib/NVP-AUY922	HSP90	Misc	0.0084671	-0.24045	5	0.99655	0.60954
HME1	A-1210477	Mcl-1	Misc	0.90518	-0.4048	2.7194	0.99878	0.33342
HME1	Olaparib/AZD2281	PARP	Misc	24.9973	0.58848	1.9327	0.96518	0.026714
HME1	Bleomycin	Radiation	Misc	0.21277	-0.087567	0.86349	0.9859	0.4734
HME1	Ipatasertib/GDC0068	AKT	PI3K/mTOR	Inf	0.64937	1.3382	0.92561	0.02984
HME1	Alpelisib/BYL719	PI3Ka	PI3K/mTOR	6.069	0.31353	0.88331	0.98247	0.11276
HME1	Taselisib/GDC0032	PI3Ka, g, d	PI3K/mTOR	0.1443	0.047377	0.82221	0.98589	0.43835
HME1	TGX221	PI3Kb	PI3K/mTOR	Inf	1.025	0	-0.13541	-0.032055
HME1	Torin2	mTOR/ATM/ATR	PI3K/mTOR	0.025586	0.090927	1.1057	0.97641	0.34318
HME1	Everolimus	mTOR1	PI3K/mTOR	Inf	0.48875	0	0.06157	0.37274
HME1	INK128/MLN0128	mTORC1/2	PI3K/mTOR	0.033527	0.19536	1.3753	0.99083	0.39903
HME1	PF-4708671	p70S6K	PI3K/mTOR	Inf	0.54332	1.1343	0.95971	0.10073
HME1	Buparlisib/NVP-BKM120	pan PI3K	PI3K/mTOR	1.1705	-0.21938	1.9337	0.99581	0.24173
HME1	Pictilisib/GDC0941	pan PI3K	PI3K/mTOR	2.7718	0.13034	1.0252	0.98299	0.1428
HME1	Ceritinib/LDK378	ALK	RTK	0.82178	-0.31724	1.8148	0.99486	0.29653
HME1	Neratinib/HKI272	EGFR/HER2	RTK	0.14674	0.10354	1.3751	0.9816	0.2792
HME1	Tivantinib/ARQ197	MET	RTK	0.036405	-0.092377	2.2948	0.99159	0.62964
HME1	Cediranib/AZD2171	VEGFR/cKIT	RTK	7.5271	0.040004	4.7376	0.98047	0.020969
HME1	Cabozantinib	VEGFR2/MET	RTK	3.2536	-0.096123	2.9265	0.98876	0.098347
SUM1315	Abemaciclib/LY2835219	CDK4/6	Cell cycle	0.046774	-0.12278	0.5235	0.94625	0.58253
SUM1315	Palbociclib/PD0332991	CDK4/6	Cell cycle	0.0892	0.30024	0.96923	0.98213	0.33573
SUM1315	AZD7762	CHK1/2	Cell cycle	0.074665	-0.51814	0.88359	0.9681	0.61831
SUM1315	Volasertib/BI6727	PLK	Cell cycle	0.01045	0.028372	3.2721	0.99229	0.49505
SUM1315	Dinaciclib/SCH727965	pan CDK	Cell cycle	0.011288	-0.49634	3.6684	0.99745	0.68192
SUM1315	Cisplatin	Chemo	Chemotherapy	3.7872	0.43039	0.37626	0.91569	0.24649
SUM1315	Doxorubicin	Chemo	Chemotherapy	0.03119	0.034676	1.7039	0.87503	0.38064
SUM1315	Paclitaxel	Chemo	Chemotherapy	0.0046671	-0.018199	2.0408	0.98791	0.54342
SUM1315	Topotecan	Topo I	Chemotherapy	0.060159	-0.17199	0.27473	0.9583	0.60542
SUM1315	Etoposide	Topo II	Chemotherapy	1.3663	0.25767	0.52409	0.93361	0.27531
SUM1315	Dasatinib	BCR/ABL	MAPK/nRTK	0.021488	-0.09482	0.4633	0.98729	0.68781
SUM1315	Trametinib/GSK1120212	MEK	MAPK/nRTK	0.023431	0.20676	1.1267	0.99346	0.36245
SUM1315	Saracatinib/AZD0530	SRC	MAPK/nRTK	1.6889	0.15646	0.69838	0.99427	0.22614
SUM1315	ABT-737	Bcl2/XL	Misc	8.3137	0.41599	0.9281	0.91214	0.066887
SUM1315	Vorinostat	HDAC	Misc	2.808	-0.0055973	2.7315	0.99091	0.11978
SUM1315	Luminespib/NVP-AUY922	HSP90	Misc	0.0054407	0.065347	5	0.9955	0.51382
SUM1315	A-1210477	Mcl-1	Misc	Inf	0.7427	4.906	0.78998	-0.022417
SUM1315	Olaparib/AZD2281	PARP	Misc	2.6619	0.15552	0.50731	0.93378	0.22146
SUM1315	Bleomycin	Radiation	Misc	1.0903	0.40655	0.77509	0.94309	0.28151
SUM1315	Ipatasertib/GDC0068	AKT	PI3K/mTOR	40.1716	0.61598	0.327	0.92364	0.12132
SUM1315	Alpelisib/BYL719	PI3Ka	PI3K/mTOR	7.6508	0.43112	0.5917	0.93489	0.10925
SUM1315	Taselisib/GDC0032	PI3Ka, g, d	PI3K/mTOR	0.76253	0.14923	0.29068	0.99141	0.36568
SUM1315	TGX221	PI3Kb	PI3K/mTOR	Inf	0.71816	0.95758	0.83055	0.12791
SUM1315	Torin2	mTOR/ATM/ATR	PI3K/mTOR	0.016903	-0.011154	0.70832	0.99523	0.4584
SUM1315	Everolimus	mTOR1	PI3K/mTOR	Inf	0.43331	0	0.46707	0.43789
SUM1315	INK128/MLN0128	mTORC1/2	PI3K/mTOR	0.007129	0.083691	0.85341	0.99711	0.61735
SUM1315	PF-4708671	p70S6K	PI3K/mTOR	Inf	0.59221	0.93073	0.93934	0.097584
SUM1315	Buparlisib/NVP-BKM120	pan PI3K	PI3K/mTOR	0.54697	-0.22506	0.69682	0.98651	0.36856
SUM1315	Pictilisib/GDC0941	pan PI3K	PI3K/mTOR	0.66628	0.21985	0.4444	0.98143	0.34654
SUM1315	Ceritinib/LDK378	ALK	RTK	0.71845	-0.73604	1.0323	0.99376	0.40244
SUM1315	Neratinib/HKI272	EGFR/HER2	RTK	0.10197	0.16737	0.94521	0.99076	0.34765
SUM1315	Tivantinib/ARQ197	MET	RTK	0.54621	-0.23778	1.8296	0.99768	0.36649
SUM1315	Cediranib/AZD2171	VEGFR/cKIT	RTK	1.6071	-0.084801	0.79475	0.98959	0.22547
SUM1315	Cabozantinib	VEGFR2/MET	RTK	4.6081	0.13455	1.206	0.99048	0.10133
SUM159	Abemaciclib/LY2835219	CDK4/6	Cell cycle	0.27549	-0.39669	0.45487	0.96207	0.45781
SUM159	Palbociclib/PD0332991	CDK4/6	Cell cycle	1.0457	0.3835	0.63608	0.99678	0.20234
SUM159	AZD7762	CHK1/2	Cell cycle	0.85259	-0.092834	1.5152	0.99406	0.26137
SUM159	Volasertib/BI6727	PLK	Cell cycle	0.025303	0.12514	3.6259	0.99965	0.36007
SUM159	Dinaciclib/SCH727965	pan CDK	Cell cycle	0.017169	-0.058778	4.995	0.99945	0.44944
SUM159	Cisplatin	Chemo	Chemotherapy	5.3289	0.20683	1.0633	0.99813	0.11034
SUM159	Doxorubicin	Chemo	Chemotherapy	0.020934	-0.22506	1.4485	0.98873	0.57932
SUM159	Paclitaxel	Chemo	Chemotherapy	0.005045	-0.086521	2.203	0.99886	0.60113
SUM159	Topotecan	Topo I	Chemotherapy	0.01973	-0.23847	1.5365	0.98695	0.76753
SUM159	Etoposide	Topo II	Chemotherapy	0.448	-0.12199	1.5336	0.99921	0.36467
SUM159	Dasatinib	BCR/ABL	MAPK/nRTK	Inf	0.56173	1.42	0.9811	0.18554
SUM159	Trametinib/GSK1120212	MEK	MAPK/nRTK	0.0053173	0.27299	0.99357	0.99859	0.46662
SUM159	Saracatinib/AZD0530	SRC	MAPK/nRTK	13.5118	0.55427	0.98273	0.99908	0.07496
SUM159	ABT-737	Bcl2/XL	Misc	14.1082	0.67574	1.84	0.99354	0.02421
SUM159	Vorinostat	HDAC	Misc	1.9593	0.12117	1.3187	0.99956	0.18303
SUM159	Luminespib/NVP-AUY922	HSP90	Misc	0.0062506	-0.026102	4.5644	0.99969	0.56419
SUM159	A-1210477	Mcl-1	Misc	15.2073	0.77697	4.9	0.95958	0.00038548
SUM159	Olaparib/AZD2281	PARP	Misc	18.1468	0.71882	1.2076	0.98588	0.036426
SUM159	Bleomycin	Radiation	Misc	0.32893	-0.013537	0.72434	0.99871	0.39752
SUM159	Ipatasertib/GDC0068	AKT	PI3K/mTOR	8.7963	0.48222	0.91882	0.99788	0.11585
SUM159	Alpelisib/BYL719	PI3Ka	PI3K/mTOR	4.1663	0.27738	0.77706	0.99777	0.14383
SUM159	Taselisib/GDC0032	PI3Ka, g, d	PI3K/mTOR	0.024244	0.08791	1.1399	0.99546	0.59053
SUM159	TGX221	PI3Kb	PI3K/mTOR	Inf	0.98895	0	-0.43745	-0.0085509
SUM159	Torin2	mTOR/ATM/ATR	PI3K/mTOR	0.014141	0.10143	1.4687	0.9977	0.41739
SUM159	Everolimus	mTOR1	PI3K/mTOR	Inf	0.67928	0	0.46495	0.32447
SUM159	INK128/MLN0128	mTORC1/2	PI3K/mTOR	0.018237	0.14434	1.568	0.99828	0.48743
SUM159	PF-4708671	p70S6K	PI3K/mTOR	22.0171	0.73217	0.99158	0.98697	0.032506
SUM159	Buparlisib/NVP-BKM120	pan PI3K	PI3K/mTOR	1.5782	-0.17044	1.5047	0.99921	0.22445
SUM159	Pictilisib/GDC0941	pan PI3K	PI3K/mTOR	1.2155	0.091459	0.98181	0.99753	0.24325
SUM159	Ceritinib/LDK378	ALK	RTK	1.5672	-0.35258	2.4821	0.9987	0.25427
SUM159	Neratinib/HKI272	EGFR/HER2	RTK	0.9694	0.32811	0.97578	0.9995	0.16236
SUM159	Tivantinib/ARQ197	MET	RTK	0.39322	-0.15885	2.052	0.99809	0.38261
SUM159	Cediranib/AZD2171	VEGFR/cKIT	RTK	8.0882	0.31445	2.1524	0.99763	0.049359
SUM159	Cabozantinib	VEGFR2/MET	RTK	5.8555	0.18246	1.3671	0.99881	0.08611